Hours_Studied,Previous_Score,Extracurricular_Activities,Sleep_Hours,Sample_Question_Papers_Practiced,Performance_Index
7,99,Yes,9,1,92.5
4,82,No,4,2,65.2
8,51,Yes,7,2,45.3
5,52,Yes,5,2,36.8
7,75,No,8,5,69.4
3,78,No,9,6,62.6
7,73,Yes,5,6,64.9
8,45,Yes,4,6,40.7
5,77,No,8,2,62.0
4,89,No,4,0,70.9
8,91,No,4,5,85.5
8,79,No,6,2,75.0
3,47,No,9,2,27.7
6,47,No,4,2,32.5
5,79,No,7,8,70.6
2,72,No,4,3,44.0
8,73,Yes,8,4,67.3
6,83,Yes,7,2,72.2
2,54,Yes,4,9,29.7
5,75,No,7,0,66.9
1,99,Yes,4,3,74.2
6,96,No,9,0,88.3
9,74,Yes,7,6,75.8
1,85,No,5,6,58.6
3,61,No,6,3,37.5
7,62,Yes,7,4,52.4
4,79,No,8,9,68.3
9,84,Yes,6,6,83.4
3,94,Yes,6,5,73.4
5,90,Yes,4,3,74.5
3,61,Yes,7,3,41.9
7,44,Yes,9,1,39.1
5,70,Yes,6,9,59.7
9,52,Yes,8,1,47.7
7,67,Yes,9,3,59.5
2,97,Yes,9,4,76.3
4,59,No,8,3,43.6
9,72,No,8,2,69.2
2,55,Yes,4,1,33.4
9,68,No,5,3,66.9
5,62,No,7,4,46.8
2,63,Yes,6,0,40.2
4,73,Yes,7,0,59.3
7,46,No,9,5,38.1
8,77,Yes,6,4,70.8
3,76,Yes,4,3,54.9
1,43,Yes,7,0,19.4
4,73,No,4,6,54.9
2,81,Yes,4,3,59.4
8,61,No,7,2,54.8
4,44,Yes,7,6,26.1
2,89,Yes,6,1,67.6
6,81,No,9,9,76.3
6,62,Yes,9,0,52.7
4,93,No,8,3,78.8
6,99,No,4,7,92.0
2,54,Yes,9,5,35.2
2,70,Yes,5,8,45.9
4,98,No,6,0,80.3
8,48,No,6,0,36.9
7,82,Yes,8,4,72.2
9,97,Yes,8,5,99.9
8,92,Yes,4,7,88.4
5,64,Yes,6,2,52.5
2,64,Yes,6,5,40.7
5,88,No,5,2,72.0
8,60,No,4,7,53.6
9,48,No,4,3,42.4
9,94,No,9,1,93.4
1,87,Yes,8,8,63.2
9,77,No,9,9,75.4
7,61,Yes,4,7,52.5
9,82,Yes,5,5,82.6
8,62,Yes,4,2,52.7
1,88,Yes,9,1,69.1
8,43,Yes,7,3,36.6
8,68,No,7,3,61.4
3,54,Yes,5,0,34.4
1,40,Yes,8,8,17.6
8,93,Yes,6,9,87.7
3,69,No,4,7,48.2
3,68,Yes,9,6,49.8
1,59,Yes,8,5,35.7
5,72,Yes,9,2,64.3
7,80,No,8,3,73.6
9,83,Yes,4,1,81.2
7,75,No,6,6,66.7
9,99,No,4,1,93.5
8,61,Yes,6,9,59.6
2,52,No,9,0,33.5
1,46,No,5,5,21.4
7,47,Yes,6,3,37.2
7,67,Yes,8,7,58.5
8,84,Yes,5,0,75.4
5,82,Yes,9,8,71.3
3,48,No,7,5,33.6
8,64,No,5,1,58.3
6,95,Yes,6,7,82.8
3,55,Yes,5,4,36.3
1,49,Yes,9,4,26.8
3,50,No,5,4,29.7
5,70,Yes,9,6,63.4
3,51,No,7,6,32.8
1,99,No,6,9,76.9
5,70,No,8,6,57.8
7,53,No,5,9,44.6
7,90,Yes,4,1,77.3
9,83,Yes,8,7,84.4
3,71,Yes,5,0,51.0
7,89,No,8,1,84.6
1,92,No,4,6,66.2
4,56,Yes,8,3,42.4
4,74,No,8,9,57.3
5,40,No,4,9,25.2
7,68,No,4,8,55.9
7,90,Yes,4,8,82.5
4,43,Yes,7,2,25.1
7,62,Yes,9,2,58.5
3,67,No,9,8,47.6
6,55,Yes,4,9,41.7
2,51,Yes,9,7,35.7
9,92,Yes,8,0,93.0
5,60,No,4,5,46.2
6,84,No,5,6,68.8
4,56,No,4,7,36.1
7,79,No,4,1,71.0
9,52,No,9,0,51.4
7,91,Yes,6,3,79.6
1,97,Yes,8,0,73.9
1,71,No,9,1,44.4
9,76,No,8,2,78.8
9,89,Yes,5,3,85.2
4,54,No,7,5,34.5
9,51,No,6,7,49.1
3,88,No,5,8,68.8
7,96,No,5,3,84.3
6,54,No,8,0,41.2
8,73,Yes,6,4,66.4
9,45,Yes,8,4,46.5
5,56,No,7,8,40.8
1,87,No,8,5,60.5
3,88,Yes,4,4,69.8
8,96,No,8,9,94.9
6,59,Yes,4,9,46.1
8,48,No,5,4,40.6
9,98,Yes,7,7,100.0
4,44,Yes,9,0,23.9
1,62,No,4,4,36.6
1,72,No,7,0,46.8
4,77,Yes,8,6,61.6
7,95,No,9,6,85.6
2,53,Yes,8,9,33.9
3,56,No,5,7,36.3
1,96,No,8,6,74.7
5,58,No,4,8,42.4
1,72,Yes,5,7,49.6
8,40,Yes,7,7,30.6
1,52,No,5,2,26.3
1,85,Yes,7,9,60.9
2,66,No,6,3,45.1
2,45,Yes,4,3,16.7
6,98,No,4,0,85.4
7,45,Yes,7,5,37.5
5,72,Yes,8,1,59.8
1,69,Yes,9,8,44.5
1,85,Yes,8,0,63.2
3,74,Yes,6,0,59.3
2,62,Yes,7,9,43.9
5,49,No,6,5,32.7
6,90,No,7,0,78.1
7,58,Yes,6,2,54.1
4,90,No,7,9,75.1
7,67,Yes,4,1,58.0
8,62,No,6,8,54.3
1,43,No,6,4,16.6
6,59,No,7,5,46.2
8,58,No,5,1,49.3
5,81,Yes,5,7,68.6
4,66,No,4,5,51.4
2,96,No,8,7,77.0
6,73,No,8,7,64.9
6,43,Yes,4,0,27.5
1,95,No,8,6,75.5
9,77,Yes,9,1,76.8
6,46,Yes,9,7,39.1
3,87,No,9,1,73.6
4,46,Yes,9,3,28.6
4,89,No,7,1,73.4
3,91,No,5,6,73.5
3,65,No,4,4,45.4
3,65,No,7,8,47.6
4,93,No,9,4,79.3
7,58,No,4,7,50.4
4,48,No,5,1,30.7
9,59,Yes,8,2,55.1
1,81,Yes,7,5,58.8
8,84,No,5,6,76.1
7,89,No,4,9,79.8
2,55,Yes,6,7,35.0
8,93,No,7,2,90.8
1,56,Yes,4,6,30.1
9,61,Yes,4,7,57.1
9,52,No,5,9,48.8
2,51,No,4,5,27.6
7,49,Yes,7,3,39.2
3,40,Yes,9,5,21.9
7,71,No,7,8,69.2
9,69,No,4,2,63.0
4,47,Yes,5,1,27.8
1,60,Yes,7,4,34.1
2,61,Yes,6,6,38.1
1,57,No,9,2,32.3
5,41,No,8,4,28.6
5,87,No,5,3,72.8
7,83,Yes,5,6,75.1
9,48,Yes,8,1,45.0
9,42,No,8,6,43.3
3,93,Yes,7,1,71.5
3,65,Yes,4,2,45.2
3,60,Yes,4,4,40.2
4,69,Yes,6,6,56.9
8,67,Yes,9,5,63.7
6,75,No,4,6,60.7
8,65,No,6,5,60.3
1,73,No,6,0,49.4
8,47,No,5,4,43.4
4,49,No,5,0,29.9
1,87,Yes,9,6,66.0
8,94,Yes,7,3,89.7
4,82,Yes,8,4,63.3
6,89,No,8,0,80.3
8,93,Yes,9,7,88.7
4,53,Yes,6,3,35.0
3,79,Yes,9,2,61.2
9,94,No,8,0,91.8
3,54,Yes,6,3,39.3
9,56,Yes,8,2,58.8
2,92,No,7,7,71.9
2,57,No,5,8,34.0
2,71,Yes,5,4,49.3
6,77,No,6,8,69.3
3,62,Yes,9,0,44.6
9,85,No,8,6,82.1
4,62,Yes,4,6,44.2
1,74,Yes,7,5,50.3
4,78,No,8,3,62.5
1,54,No,4,8,26.0
5,92,No,7,2,79.6
4,63,No,7,0,45.8
8,67,Yes,5,1,60.5
8,55,No,6,2,48.0
7,55,Yes,8,1,49.9
3,79,Yes,7,5,62.5
1,78,Yes,8,6,54.5
1,45,No,7,4,20.9
3,41,Yes,9,4,23.5
6,93,Yes,5,6,82.8
7,52,No,6,5,41.5
6,83,Yes,4,7,70.8
6,86,Yes,4,8,75.4
6,98,Yes,9,1,91.5
3,48,No,5,1,29.9
6,73,Yes,7,0,62.3
8,56,Yes,5,6,53.9
2,66,Yes,6,3,43.6
5,68,No,4,8,52.9
1,76,No,8,5,54.8
1,82,No,4,6,53.0
5,61,Yes,6,6,47.9
3,90,Yes,7,7,73.6
4,63,Yes,5,3,42.5
3,46,Yes,4,2,21.1
1,73,Yes,4,2,51.4
1,87,No,8,9,67.7
5,51,Yes,5,7,37.5
6,62,Yes,8,2,51.6
3,54,No,8,7,37.2
9,72,No,7,1,74.5
5,96,Yes,4,4,81.8
8,52,No,9,4,50.4
1,62,No,5,6,37.6
5,77,No,7,4,64.5
3,71,Yes,9,8,55.9
1,84,No,7,2,60.5
4,89,Yes,7,8,78.8
5,74,No,6,0,59.7
7,40,Yes,6,2,33.5
1,86,Yes,7,3,68.9
3,97,Yes,6,5,76.9
2,84,No,5,9,62.2
9,44,No,4,7,35.5
6,96,No,9,6,86.7
3,52,Yes,5,7,36.5
8,93,No,4,5,88.0
8,44,No,6,5,38.7
2,99,Yes,9,5,78.7
6,71,No,5,2,54.7
7,90,Yes,8,9,86.0
2,60,No,7,3,38.3
2,63,Yes,4,5,42.2
1,99,Yes,4,6,78.5
8,57,No,8,2,51.2
1,60,Yes,8,3,38.8
9,93,No,7,5,92.0
6,49,No,6,0,40.1
7,63,No,5,6,54.8
7,79,No,5,0,69.7
3,86,Yes,5,9,70.5
2,60,Yes,6,8,41.1
9,64,Yes,7,9,64.9
8,91,No,5,8,86.7
7,99,No,4,8,88.8
9,96,Yes,4,3,93.4
4,98,Yes,4,1,80.9
4,62,No,8,6,45.2
1,61,No,8,3,36.6
8,43,No,6,4,38.2
3,73,Yes,5,0,49.0
7,95,No,8,9,97.2
2,45,Yes,4,5,25.1
2,67,No,8,6,46.6
7,70,Yes,4,2,61.0
6,74,No,5,9,66.0
3,78,Yes,6,1,59.1
9,81,Yes,7,9,79.5
6,62,Yes,7,6,50.7
6,45,No,4,0,30.3
1,55,Yes,8,1,31.9
4,41,Yes,8,2,24.5
6,63,No,4,3,52.6
6,56,Yes,5,4,44.5
5,84,Yes,4,3,69.8
1,40,No,5,9,13.6
8,45,Yes,6,2,38.4
5,44,No,6,0,31.2
5,96,Yes,4,6,82.5
7,84,No,6,9,74.1
4,99,Yes,8,5,91.3
6,94,Yes,5,1,77.4
4,89,Yes,7,1,72.4
3,68,No,7,2,52.1
7,51,Yes,6,7,38.2
8,78,Yes,5,7,71.7
4,86,No,8,9,69.0
2,42,No,7,9,24.3
3,87,No,8,9,68.5
1,40,Yes,8,9,21.1
8,66,Yes,7,7,66.9
3,87,Yes,7,6,69.0
7,63,No,6,1,50.8
5,83,No,5,0,69.1
5,58,Yes,4,5,42.3
7,98,Yes,5,7,90.6
9,47,No,4,0,39.7
5,94,No,7,2,85.6
1,83,No,8,0,62.9
1,86,Yes,5,9,65.9
2,41,No,8,8,17.4
6,69,No,5,6,62.0
9,69,No,9,7,68.1
8,88,No,5,8,85.6
5,78,Yes,8,2,63.2
1,84,No,9,9,65.1
7,71,Yes,6,1,61.4
5,40,Yes,7,5,26.0
6,77,No,6,4,67.9
7,52,No,6,3,42.5
3,50,Yes,5,5,31.5
3,49,No,7,5,25.0
5,87,Yes,9,2,81.7
6,98,No,5,1,87.9
9,65,Yes,4,8,61.6
5,95,Yes,5,7,83.4
1,94,Yes,9,3,75.1
4,59,No,8,5,46.1
5,56,Yes,5,2,41.4
5,56,Yes,4,7,40.6
7,43,No,5,2,35.3
4,44,No,9,1,29.0
1,99,Yes,4,6,73.9
5,62,Yes,7,2,50.6
7,85,No,9,8,81.5
6,91,Yes,5,2,79.7
5,49,No,4,7,33.4
4,85,No,9,1,70.2
2,67,No,7,8,46.7
4,72,Yes,8,0,56.5
3,82,No,6,2,59.1
1,65,Yes,4,1,40.2
8,94,Yes,8,6,90.6
5,89,No,7,4,73.5
4,87,No,8,7,73.8
8,68,No,5,1,63.8
7,66,No,6,7,57.5
2,57,Yes,4,6,33.6
1,79,Yes,9,4,54.8
4,99,No,7,1,83.4
8,49,Yes,6,9,43.7
2,97,No,7,6,76.8
3,81,Yes,8,9,62.8
1,44,Yes,7,3,18.7
1,49,Yes,7,3,25.7
3,89,No,8,7,72.9
5,60,Yes,8,5,48.8
3,63,Yes,6,8,43.8
1,77,Yes,4,1,50.4
1,42,Yes,8,4,19.3
8,79,No,6,5,74.9
2,70,Yes,7,7,57.1
3,80,No,7,3,61.2
2,76,No,9,6,58.7
3,41,Yes,5,6,21.0
7,41,Yes,8,3,34.0
1,78,No,6,0,55.0
8,88,No,9,2,85.2
2,81,No,6,1,60.3
3,83,Yes,4,2,65.4
9,73,Yes,9,4,74.2
7,81,No,6,0,72.3
4,59,No,8,4,43.0
5,72,No,6,1,56.7
2,43,Yes,5,3,22.3
8,84,Yes,7,5,84.2
4,83,No,7,8,65.9
9,50,Yes,9,9,51.3
5,81,No,6,5,68.0
9,86,Yes,6,9,83.8
4,44,No,6,1,26.4
5,64,Yes,6,7,51.6
9,88,Yes,5,4,83.9
8,99,Yes,8,8,96.3
3,76,Yes,5,9,58.4
1,73,Yes,5,8,51.6
3,48,Yes,5,3,23.9
4,45,Yes,7,0,27.8
2,57,No,5,8,31.4
1,53,No,6,8,27.5
7,58,No,5,7,48.0
8,53,Yes,6,4,48.8
7,79,Yes,9,4,74.3
5,56,Yes,8,9,46.3
1,99,No,7,5,77.5
7,74,No,8,0,72.4
7,68,No,9,8,61.3
9,81,No,8,4,79.3
3,56,No,7,6,37.9
9,98,No,6,7,98.0
1,82,Yes,9,4,63.4
1,47,No,9,2,24.1
4,40,Yes,6,5,21.8
9,84,No,6,6,80.5
6,92,No,7,3,82.6
3,75,Yes,5,8,57.2
1,46,Yes,4,3,24.1
4,85,Yes,5,9,69.7
9,44,No,5,1,36.6
3,63,No,8,8,43.5
9,67,Yes,4,3,67.3
7,82,No,6,3,72.6
4,56,Yes,5,9,44.8
3,76,No,7,0,56.2
5,59,No,5,1,42.4
5,42,No,6,2,24.1
3,76,Yes,5,6,55.0
9,65,No,9,8,65.4
4,54,Yes,8,4,35.1
5,90,Yes,8,3,79.0
4,87,Yes,5,1,73.5
5,47,Yes,8,6,36.3
7,52,Yes,7,5,48.3
9,87,Yes,4,6,86.7
7,42,Yes,5,7,34.4
5,40,Yes,7,8,26.6
7,48,Yes,9,9,44.5
5,70,No,7,4,55.2
3,80,Yes,7,4,61.3
7,93,No,9,3,85.1
2,65,Yes,6,2,43.0
9,56,No,5,6,55.7
1,95,No,5,4,69.1
6,73,No,5,6,60.3
7,48,No,4,1,40.5
8,95,No,7,8,88.8
9,90,No,5,8,86.4
2,52,Yes,8,8,35.7
2,44,Yes,6,4,21.4
5,80,Yes,9,9,68.1
5,52,Yes,9,8,41.4
6,40,Yes,4,0,23.8
3,64,Yes,9,1,44.6
8,86,No,6,9,78.7
1,43,Yes,7,4,17.9
6,75,No,9,4,67.8
4,91,No,9,5,81.6
1,49,No,8,7,27.2
7,67,No,7,0,58.0
9,96,No,5,9,89.7
4,45,No,6,8,30.1
4,66,Yes,9,3,52.1
6,95,No,8,7,86.3
3,51,No,6,4,36.1
6,91,Yes,4,0,84.1
7,87,Yes,8,8,83.8
3,42,Yes,4,7,24.3
7,85,Yes,9,4,83.1
3,72,Yes,8,3,57.1
2,49,Yes,5,7,25.4
4,70,Yes,6,8,51.8
8,54,No,6,6,49.3
9,46,Yes,7,3,39.5
7,75,No,8,6,66.6
1,53,Yes,8,5,31.2
3,95,Yes,4,2,73.8
9,87,No,8,9,88.7
1,53,Yes,6,2,28.7
9,42,Yes,8,0,42.5
8,88,Yes,7,4,82.9
1,92,Yes,7,7,72.8
6,85,Yes,6,5,71.2
5,89,Yes,6,7,81.0
6,42,Yes,6,6,32.2
5,61,No,8,1,51.0
6,58,Yes,8,7,43.4
5,74,No,5,3,57.8
5,51,No,9,4,36.6
4,93,No,9,7,78.6
3,44,No,4,4,21.7
3,49,No,8,4,30.7
4,80,No,5,5,69.3
9,72,No,5,6,71.3
2,52,Yes,7,8,32.7
9,74,Yes,8,6,74.8
1,90,Yes,5,5,67.8
1,71,No,7,9,49.1
5,50,Yes,4,3,32.1
6,87,No,7,9,76.0
6,77,No,4,1,65.8
3,63,Yes,9,8,46.9
7,74,No,9,9,67.7
9,58,No,6,4,60.9
8,45,Yes,6,4,39.7
6,79,No,7,2,65.9
8,93,Yes,6,2,85.3
5,84,No,8,0,68.4
8,83,No,7,4,78.0
4,81,Yes,5,2,61.7
8,74,Yes,8,1,67.3
2,43,Yes,7,8,23.8
5,72,No,9,9,61.8
9,52,No,4,5,48.7
4,95,Yes,6,2,77.7
6,75,Yes,6,6,62.3
1,93,Yes,6,8,68.1
9,82,No,7,8,80.3
1,58,No,8,0,32.8
5,82,Yes,4,1,64.6
4,51,Yes,6,7,37.4
3,50,Yes,8,0,30.7
6,45,No,5,2,32.3
2,51,Yes,9,6,35.2
3,66,Yes,5,7,45.4
5,80,Yes,4,4,66.3
9,64,No,6,1,57.9
2,81,No,5,2,59.0
8,42,Yes,9,8,42.7
2,42,No,8,9,22.0
5,59,Yes,8,6,51.4
7,67,Yes,5,0,60.3
8,62,Yes,6,2,58.1
1,87,Yes,9,8,67.1
6,42,No,4,6,27.6
1,81,Yes,6,1,57.0
2,63,Yes,7,5,40.3
1,82,No,5,8,60.8
5,79,Yes,7,3,65.2
9,45,No,5,9,43.6
6,59,Yes,4,1,47.9
1,50,Yes,6,2,24.8
1,71,Yes,9,6,54.1
2,99,Yes,6,3,82.3
9,66,No,5,6,60.9
3,60,Yes,8,4,48.6
1,83,No,7,7,64.3
5,87,No,9,7,72.6
7,89,No,9,4,77.4
6,52,Yes,6,6,42.1
1,61,No,6,5,36.7
5,74,No,5,7,58.3
5,86,No,8,8,74.6
6,61,Yes,7,4,48.0
3,67,Yes,8,6,53.6
5,60,No,9,0,50.7
7,85,No,8,7,78.8
5,57,Yes,5,2,42.8
5,70,No,8,0,58.4
5,99,No,7,5,91.3
3,85,No,9,7,68.4
1,76,Yes,4,2,51.1
5,60,No,9,0,50.6
9,53,No,4,2,47.3
1,64,Yes,7,4,40.6
3,66,No,9,7,49.6
4,79,Yes,9,8,62.5
1,99,Yes,9,8,78.4
1,99,Yes,9,3,78.3
8,62,No,5,7,54.9
2,70,No,6,4,47.2
8,86,No,9,2,84.0
7,99,No,5,4,92.3
2,68,No,7,1,43.1
6,86,No,9,5,76.2
6,69,No,8,0,63.2
3,90,No,9,5,77.5
2,65,Yes,9,4,41.9
1,59,No,4,8,33.0
6,77,No,8,6,69.3
5,58,Yes,9,5,48.6
9,66,No,9,6,66.5
1,64,Yes,9,9,46.3
7,79,No,5,4,67.2
5,77,No,7,0,63.1
5,91,Yes,4,8,76.2
2,62,Yes,9,4,43.2
3,68,No,7,3,46.7
7,54,Yes,4,5,43.7
6,98,No,4,4,84.3
2,42,No,4,0,17.3
6,49,No,9,1,40.1
2,54,No,5,3,28.4
2,95,No,9,7,78.3
2,55,No,9,4,38.1
3,56,Yes,7,6,35.9
2,58,Yes,6,1,37.9
4,50,Yes,6,7,33.1
9,87,No,6,4,86.3
6,44,Yes,7,3,30.8
1,44,No,8,8,19.1
8,97,Yes,7,5,91.9
7,53,No,4,3,43.4
3,89,No,9,7,74.6
1,65,No,8,2,42.7
5,47,No,4,9,30.4
4,44,No,9,1,28.7
8,46,Yes,9,6,45.4
1,55,No,4,3,26.7
1,94,Yes,7,3,68.7
4,53,No,6,9,37.7
8,76,No,8,8,72.1
5,95,No,9,1,83.1
2,80,Yes,5,0,55.3
6,43,No,9,6,31.8
5,75,Yes,6,7,61.6
2,87,No,9,2,66.4
3,95,Yes,5,1,73.1
9,56,Yes,7,3,51.9
7,86,Yes,9,1,87.9
7,75,No,8,1,69.7
6,45,No,7,4,32.1
8,55,Yes,5,9,48.2
4,68,No,4,4,49.9
8,75,No,9,7,71.0
4,77,No,7,8,59.2
8,76,Yes,9,1,74.3
9,87,Yes,8,0,85.4
3,96,No,9,2,80.7
3,87,Yes,7,5,73.8
2,49,No,6,4,26.5
3,80,No,7,7,63.1
3,75,Yes,5,7,56.1
5,68,Yes,7,1,54.8
5,53,No,8,8,41.8
2,43,No,7,3,20.6
6,83,No,7,0,68.6
5,95,Yes,8,1,83.9
6,81,Yes,7,5,71.5
1,75,No,8,4,50.8
5,89,No,5,6,76.4
9,84,Yes,8,8,87.7
2,52,No,5,5,26.4
1,85,Yes,5,5,62.4
9,57,Yes,8,1,54.3
9,72,No,7,6,74.1
9,60,No,9,1,62.4
6,55,Yes,6,6,46.9
8,54,No,9,7,56.5
1,93,Yes,8,0,69.5
4,96,Yes,7,8,72.1
1,44,Yes,5,7,17.7
8,45,No,4,8,38.4
1,77,No,6,4,54.9
3,42,No,9,3,23.7
4,87,Yes,7,0,75.9
8,51,Yes,6,8,49.0
6,75,Yes,4,3,63.2
7,72,Yes,4,3,64.1
8,75,No,4,3,66.7
2,72,No,9,1,56.4
8,70,No,8,3,68.4
3,60,Yes,6,1,40.1
7,66,Yes,8,7,58.9
3,66,No,4,6,44.9
7,47,Yes,7,9,40.9
2,95,No,4,1,75.3
6,76,Yes,8,1,70.5
3,71,Yes,4,1,49.5
3,65,Yes,4,0,43.7
9,41,Yes,8,5,38.3
7,51,Yes,8,5,41.4
5,61,No,7,0,48.2
7,56,No,8,0,46.0
9,46,No,7,5,45.4
1,82,Yes,5,5,58.2
7,43,No,5,3,30.5
6,76,No,8,2,63.4
9,77,Yes,4,8,73.7
1,71,Yes,6,5,49.5
4,50,No,4,0,33.3
9,40,No,8,2,38.2
4,64,No,7,0,48.6
3,81,No,4,2,59.1
9,91,No,5,1,85.4
2,63,Yes,9,4,41.0
4,92,No,8,2,80.2
6,82,No,4,6,63.8
2,95,No,9,7,79.6
8,56,No,4,6,49.9
8,47,No,7,1,36.6
1,98,No,7,9,74.3
3,84,Yes,7,9,63.9
9,66,Yes,9,6,65.4
5,91,Yes,6,9,78.2
6,57,No,9,2,48.5
4,66,No,8,6,48.4
2,61,Yes,8,0,43.4
8,55,No,5,1,45.1
6,41,No,5,9,30.0
5,44,No,8,0,30.8
9,57,Yes,4,8,50.6
1,42,Yes,8,1,18.6
5,66,Yes,6,1,52.2
6,93,No,5,5,86.1
5,56,Yes,5,6,39.9
6,55,Yes,9,1,45.0
6,45,Yes,5,3,35.8
7,90,No,8,2,85.1
4,46,Yes,5,4,30.5
8,89,Yes,5,8,80.5
7,53,No,9,1,41.9
9,77,Yes,8,4,76.0
7,79,No,4,7,69.1
3,54,No,5,5,35.3
3,86,Yes,5,3,66.7
8,86,Yes,5,9,75.8
5,87,Yes,6,7,73.8
4,72,No,8,2,53.5
8,82,Yes,5,3,76.6
6,66,Yes,6,8,53.9
2,68,Yes,4,4,46.5
4,96,No,4,5,78.4
4,76,No,9,1,60.4
6,44,No,9,8,38.1
6,68,Yes,9,7,63.6
1,71,Yes,6,6,47.2
8,99,No,4,8,99.3
6,92,Yes,9,4,90.3
3,45,Yes,7,4,26.8
9,41,No,9,8,34.7
2,45,No,4,4,20.7
8,85,No,7,8,86.2
3,82,Yes,6,0,63.2
5,43,Yes,7,9,31.9
6,95,Yes,4,9,86.5
6,68,No,5,7,61.6
4,98,No,7,2,81.8
3,64,Yes,4,7,49.1
4,48,No,9,4,33.5
1,95,No,5,1,67.5
4,42,Yes,6,8,25.6
1,65,No,6,3,39.2
1,87,Yes,8,6,64.7
6,82,No,6,7,68.6
5,66,Yes,8,6,49.9
4,75,No,6,5,55.5
3,71,Yes,6,6,56.3
1,40,No,6,3,15.5
6,96,No,8,9,91.2
2,92,No,9,0,73.3
8,93,No,8,4,89.7
5,55,No,7,7,40.1
7,90,Yes,4,9,82.7
2,87,Yes,4,5,62.6
8,50,Yes,9,4,46.2
2,65,No,4,1,42.7
4,79,Yes,6,9,66.8
1,94,No,9,4,77.0
5,40,No,4,9,22.8
9,65,Yes,8,2,60.0
1,67,Yes,7,1,42.4
9,92,No,5,2,85.8
8,97,No,7,3,96.0
6,48,Yes,4,1,34.4
7,99,Yes,9,3,95.0
3,98,No,4,3,80.2
1,83,No,8,5,59.6
5,61,Yes,7,4,51.6
2,47,No,8,6,29.1
5,97,No,8,6,86.4
8,88,Yes,5,2,82.6
9,81,Yes,8,8,80.7
2,66,No,8,6,44.0
3,78,No,5,6,57.2
3,58,Yes,6,1,42.5
1,64,No,6,9,44.2
8,77,Yes,9,2,75.3
6,60,No,5,2,46.1
8,63,Yes,9,5,62.4
9,63,No,9,3,62.9
5,99,No,8,3,89.4
3,99,No,9,0,80.9
5,58,Yes,4,5,45.5
5,89,Yes,7,7,75.5
5,86,Yes,4,7,72.4
3,41,No,4,7,16.4
4,53,No,8,4,38.4
9,92,Yes,7,9,91.8
9,71,Yes,9,5,72.4
2,81,No,7,4,59.5
8,71,No,9,3,71.3
8,67,No,6,3,58.2
7,87,No,5,3,74.1
8,78,Yes,8,3,75.6
3,79,Yes,9,5,64.0
6,81,No,9,5,75.5
1,86,No,7,4,61.9
7,79,No,8,8,74.0
1,52,Yes,9,7,29.3
9,51,Yes,6,9,48.6
1,47,No,4,5,16.9
1,54,No,9,8,35.7
7,65,No,7,4,51.7
2,51,No,6,9,26.7
5,82,No,8,3,67.7
8,90,No,9,5,85.2
8,85,Yes,6,3,82.7
3,66,Yes,6,7,45.9
7,57,Yes,6,6,50.5
3,84,No,6,4,70.1
6,75,No,6,9,69.7
6,88,No,6,5,77.9
3,90,Yes,5,6,70.4
7,66,No,8,1,59.5
3,48,Yes,4,8,28.3
8,94,No,8,6,89.6
4,78,No,7,7,61.3
1,40,No,7,4,14.7
4,46,Yes,8,2,27.9
7,65,Yes,6,1,55.4
4,46,Yes,5,1,30.8
6,91,No,4,2,80.8
9,46,Yes,9,0,44.9
1,47,No,9,0,22.5
5,55,No,6,6,41.2
7,42,Yes,8,9,34.5
1,84,Yes,9,7,60.6
4,49,No,8,5,32.8
6,89,No,5,6,77.9
2,46,No,5,0,23.2
5,60,No,8,0,46.8
1,92,Yes,6,8,68.9
6,76,Yes,6,4,67.8
6,70,Yes,6,6,62.7
4,62,No,9,5,46.8
8,96,No,4,3,91.2
4,66,No,4,0,48.3
8,95,Yes,6,3,91.0
8,61,No,8,9,55.0
5,78,No,5,9,67.6
4,96,Yes,7,7,81.3
2,66,Yes,5,0,42.3
3,93,No,5,1,72.1
3,88,Yes,7,7,69.8
4,43,No,6,1,24.1
4,63,Yes,5,9,47.1
5,62,No,7,8,46.9
4,87,Yes,9,2,75.7
8,58,Yes,8,2,54.0
6,81,Yes,8,5,73.7
6,42,Yes,8,2,28.6
8,66,No,6,8,58.7
7,42,No,5,7,30.3
8,67,Yes,5,3,60.6
2,56,No,4,5,29.4
9,70,Yes,8,7,67.5
1,49,Yes,6,3,23.2
8,88,No,7,4,84.9
4,61,No,6,6,43.6
4,69,No,5,7,49.9
5,88,No,8,6,75.2
8,60,No,4,7,49.2
5,75,No,9,3,63.9
8,92,No,6,0,89.7
1,62,Yes,4,5,32.2
9,77,No,5,4,69.5
6,51,Yes,7,3,39.1
3,64,No,6,1,43.3
8,93,No,9,0,85.1
9,96,Yes,5,8,95.4
6,59,Yes,8,1,53.0
7,88,Yes,6,8,82.3
1,88,Yes,4,5,64.0
5,81,No,6,5,68.2
5,46,No,5,1,33.0
4,68,Yes,5,5,49.0
6,87,Yes,4,2,74.2
7,68,No,9,6,63.0
9,52,No,5,9,48.2
1,42,Yes,6,3,21.2
6,41,No,9,8,34.1
7,55,No,4,4,41.8
3,69,Yes,5,9,49.6
8,77,Yes,5,2,72.7
5,45,Yes,6,0,27.3
9,84,Yes,5,0,84.6
5,46,No,6,3,29.7
9,44,Yes,8,9,43.3
4,95,No,9,9,80.3
9,46,No,6,3,40.6
5,73,No,7,8,61.9
9,71,No,5,7,67.9
3,88,Yes,8,3,70.1
4,52,No,9,5,39.7
9,69,Yes,4,6,69.3
6,64,No,7,9,53.8
2,60,Yes,4,7,39.7
7,99,No,7,3,94.9
2,98,No,8,0,77.2
2,60,Yes,9,4,42.4
1,67,Yes,8,0,40.0
3,87,Yes,8,3,68.0
6,97,Yes,7,6,90.5
8,59,No,6,6,53.2
9,73,No,9,0,68.7
7,44,No,4,8,33.9
4,57,No,6,1,40.7
6,99,No,6,4,89.6
5,78,Yes,5,5,66.4
8,82,Yes,4,0,69.6
1,96,No,7,1,73.3
1,96,Yes,5,6,72.4
6,50,No,5,5,41.4
2,93,No,8,5,72.6
5,56,Yes,7,5,42.8
1,87,No,6,6,61.0
7,84,Yes,9,9,79.6
1,61,No,6,8,38.6
4,76,Yes,6,8,61.1
9,59,No,8,1,55.6
1,87,No,6,1,65.0
4,99,Yes,4,4,83.2
6,93,No,6,9,85.4
6,93,No,6,6,81.3
8,87,Yes,4,2,75.7
1,87,Yes,8,2,62.6
7,85,Yes,5,3,74.2
1,45,No,7,2,17.3
7,73,Yes,8,2,65.6
3,53,Yes,6,7,35.1
8,87,Yes,5,6,77.4
3,62,No,7,6,45.5
1,59,Yes,7,9,36.5
8,52,No,7,1,49.5
3,86,No,4,8,66.5
2,83,Yes,4,5,63.2
1,80,No,5,2,55.0
3,71,No,6,8,51.2
2,65,No,5,8,44.4
2,89,No,6,5,70.6
6,92,No,8,9,81.3
1,53,Yes,7,5,29.3
2,91,Yes,7,7,72.5
6,96,Yes,4,7,82.5
3,75,No,8,5,59.6
4,47,Yes,9,6,31.7
1,79,No,8,3,59.1
8,61,No,6,0,55.1
7,61,No,8,3,53.9
7,55,No,4,7,49.1
3,66,Yes,6,7,49.0
3,95,No,5,1,79.9
2,99,Yes,6,6,81.7
1,99,Yes,5,0,76.3
7,49,No,9,1,43.0
7,64,Yes,6,7,59.0
2,70,Yes,7,9,50.3
7,60,Yes,9,3,48.5
8,66,No,5,2,60.7
1,56,No,4,1,30.2
9,72,No,9,5,71.5
7,70,Yes,9,3,66.1
3,89,Yes,9,2,73.3
8,81,No,5,2,75.0
7,65,No,5,9,58.0
8,60,Yes,6,2,56.2
6,75,No,7,7,63.6
9,40,No,9,8,37.1
5,43,Yes,6,8,32.5
3,43,Yes,6,4,23.5
3,65,No,7,0,44.8
1,43,No,6,9,19.3
8,88,No,7,4,83.3
2,48,No,4,0,19.0
3,69,Yes,7,8,53.5
8,90,No,8,9,89.5
8,84,No,7,7,78.4
4,43,Yes,7,6,28.6
4,44,Yes,8,1,28.0
5,84,Yes,7,1,75.3
6,62,Yes,5,3,51.5
5,55,Yes,6,8,39.3
7,61,Yes,6,8,56.5
2,76,Yes,4,7,52.6
7,47,No,4,4,32.9
7,87,No,8,6,81.9
1,72,Yes,5,8,47.5
7,94,No,4,2,81.7
5,99,No,6,3,90.4
3,77,Yes,4,1,57.0
3,82,Yes,4,8,63.8
4,55,Yes,7,6,40.0
2,44,Yes,4,5,17.9
2,55,Yes,8,4,36.3
1,46,No,6,6,22.1
5,90,No,8,2,75.0
4,40,Yes,8,4,28.9
2,48,Yes,9,1,24.4
3,57,No,5,4,37.5
7,84,No,9,6,80.0
7,97,No,9,9,93.9
4,86,Yes,7,6,69.1
5,42,Yes,8,8,31.6
5,63,No,5,2,49.0
6,67,Yes,6,7,56.5
9,49,No,6,4,45.3
2,48,Yes,5,6,24.4
5,52,Yes,8,0,36.9
3,87,No,8,0,68.6
4,74,No,7,3,56.8
6,93,Yes,7,4,80.0
8,62,No,9,9,58.7
1,86,Yes,6,2,62.7
8,56,No,7,5,53.0
7,85,No,5,2,73.6
1,46,Yes,6,4,19.0
2,91,Yes,8,0,72.5
3,55,Yes,6,2,38.3
1,92,No,4,6,61.3
9,79,No,6,2,77.6
8,75,Yes,7,4,71.3
2,59,No,5,6,36.3
9,63,Yes,8,1,65.4
7,86,Yes,8,2,78.3
9,44,Yes,7,3,39.1
6,84,Yes,7,4,69.4
6,45,Yes,7,8,36.5
4,67,No,4,8,51.1
2,98,No,5,3,72.1
7,44,Yes,4,8,33.6
5,88,No,7,3,79.2
6,78,Yes,5,1,69.6
2,77,No,7,9,54.6
5,41,No,5,0,24.6
4,82,Yes,8,6,68.0
9,78,No,4,3,74.5
6,93,Yes,9,7,87.4
2,60,No,7,7,40.8
1,79,Yes,7,7,58.3
5,76,Yes,6,5,62.5
9,98,Yes,9,8,99.7
6,57,Yes,8,3,46.2
7,93,Yes,7,4,89.5
5,87,Yes,4,3,74.7
6,85,No,8,4,78.2
5,51,Yes,7,1,39.1
9,56,No,4,4,49.3
6,76,Yes,6,9,67.8
8,85,No,6,7,79.9
2,77,Yes,4,8,54.1
9,54,Yes,8,6,56.1
5,46,No,4,6,27.3
7,53,Yes,9,5,51.0
1,89,Yes,4,1,64.7
5,40,Yes,6,9,28.2
2,77,Yes,6,9,54.5
6,42,No,6,8,33.9
1,76,Yes,9,4,57.9
3,83,No,7,5,67.7
5,70,Yes,9,0,55.7
4,82,Yes,7,4,69.0
3,52,Yes,9,5,35.2
5,87,Yes,5,9,73.7
8,57,No,7,1,46.8
4,56,Yes,8,6,43.5
1,56,Yes,8,3,33.0
7,50,Yes,6,4,43.0
8,59,No,9,2,57.7
3,49,No,4,4,26.0
6,68,No,6,3,59.7
2,87,No,4,9,67.1
7,73,Yes,9,5,67.9
8,56,Yes,6,1,45.1
6,93,No,6,2,79.3
6,91,Yes,8,9,86.2
5,81,Yes,4,0,63.7
8,52,No,5,6,44.8
1,83,Yes,5,8,64.0
4,86,No,6,1,72.0
4,78,No,9,6,61.3
3,66,No,6,2,51.1
3,93,No,8,4,80.7
4,92,No,4,5,77.0
1,65,No,6,7,42.1
2,67,Yes,9,3,45.8
9,52,Yes,5,1,48.1
2,51,Yes,4,2,23.2
5,83,No,6,7,73.6
9,67,No,4,6,64.1
9,41,No,8,5,36.9
8,76,Yes,5,4,71.0
1,96,Yes,9,4,75.1
1,96,No,4,0,74.3
9,73,No,5,5,66.4
8,62,No,6,8,60.2
9,97,No,9,7,99.5
7,91,No,9,9,86.8
3,84,Yes,7,0,67.1
3,68,No,4,5,45.9
2,74,No,5,2,50.9
5,50,No,4,5,30.8
3,87,No,6,8,64.0
6,72,Yes,6,5,60.9
2,90,No,9,7,71.3
3,50,No,9,5,36.2
5,48,No,5,5,30.9
1,53,Yes,8,6,32.9
1,48,No,4,9,23.2
9,78,Yes,4,3,75.2
7,87,No,6,7,81.1
1,42,No,4,3,12.2
8,68,No,5,6,63.6
3,58,No,7,0,39.9
8,75,No,9,8,76.8
5,71,No,6,9,61.5
1,46,No,9,8,18.1
7,94,No,9,6,86.1
5,67,No,9,7,53.0
6,83,Yes,7,1,74.1
6,57,Yes,4,9,45.6
8,99,Yes,8,9,100.0
9,44,Yes,9,6,42.6
2,62,No,5,0,45.3
9,94,No,9,2,94.9
9,61,Yes,9,5,57.6
7,65,Yes,4,4,55.5
1,81,Yes,5,4,59.4
7,51,Yes,4,8,48.8
5,79,No,9,5,66.7
6,58,Yes,4,2,43.5
7,86,No,4,1,79.5
5,40,No,6,8,24.8
7,42,No,7,9,36.8
9,66,Yes,8,3,67.6
3,57,Yes,7,4,37.2
8,89,No,7,8,86.7
2,69,Yes,5,4,45.7
7,41,Yes,6,6,36.4
2,44,No,6,1,20.0
4,68,No,4,1,47.0
7,72,Yes,7,3,65.6
3,81,No,8,7,63.8
2,59,Yes,5,1,36.3
7,69,Yes,6,9,59.4
1,81,No,4,6,58.2
8,44,No,8,0,39.4
3,89,Yes,7,8,75.3
2,60,No,8,9,41.5
3,97,Yes,6,5,78.3
5,54,No,5,0,40.0
8,59,Yes,7,9,56.8
7,47,No,5,5,40.4
7,88,Yes,9,4,83.9
7,70,Yes,8,4,61.6
8,51,No,8,4,48.0
1,60,Yes,4,3,34.4
4,69,Yes,7,6,54.8
6,66,Yes,8,8,57.3
9,83,Yes,6,3,83.9
2,65,Yes,9,1,45.1
1,72,No,6,1,49.0
2,65,Yes,5,1,44.7
7,65,Yes,9,6,59.0
3,75,Yes,9,3,59.8
2,79,No,6,3,55.7
7,40,No,8,0,30.6
2,98,Yes,6,3,76.6
3,54,Yes,7,5,36.5
7,89,No,5,1,80.7
4,40,No,9,3,29.6
1,50,Yes,7,6,27.0
5,94,No,8,8,83.8
9,41,Yes,8,1,44.3
8,40,Yes,6,7,35.8
9,70,Yes,4,5,67.8
9,83,No,9,7,85.8
7,55,Yes,9,1,46.8
4,93,Yes,4,0,76.4
5,61,No,8,6,55.1
1,81,Yes,8,8,59.9
1,57,Yes,9,8,39.3
3,86,Yes,5,1,69.0
8,56,No,9,3,51.4
2,69,No,8,0,47.1
4,49,Yes,8,6,32.6
2,74,No,5,1,52.1
5,97,Yes,7,3,81.7
9,60,Yes,7,1,60.1
1,55,No,5,0,28.4
5,45,No,5,6,33.1
9,42,Yes,7,5,42.8
1,80,No,7,1,52.9
9,82,No,7,3,80.3
8,60,No,7,2,53.6
4,52,Yes,9,2,37.5
5,57,Yes,9,2,45.5
5,97,No,6,3,82.3
6,93,Yes,5,0,81.8
7,99,Yes,4,0,84.9
8,63,No,6,6,54.1
8,66,Yes,4,4,63.9
2,93,No,4,2,69.2
9,43,Yes,8,8,42.4
7,61,Yes,5,4,53.1
4,63,No,9,9,53.7
4,79,Yes,6,2,65.8
8,84,No,5,8,78.9
4,49,Yes,7,0,34.2
6,41,Yes,5,8,30.2
5,79,Yes,4,4,64.8
3,45,No,9,5,28.2
2,87,Yes,7,1,69.6
9,57,Yes,5,7,54.8
9,56,No,5,2,53.9
1,77,No,9,0,59.5
3,84,Yes,4,6,67.5
8,62,No,7,2,59.0
6,85,No,4,3,75.0
5,69,No,9,4,57.2
5,97,No,5,0,79.5
6,60,Yes,6,8,51.9
7,49,No,6,6,43.0
1,95,Yes,8,1,69.3
9,82,Yes,6,0,77.2
3,52,Yes,9,1,34.6
4,51,No,9,2,39.1
1,48,No,9,2,23.8
3,43,Yes,7,7,27.8
2,78,Yes,8,4,60.1
2,63,No,7,8,44.1
1,93,No,6,2,68.0
8,73,Yes,6,5,68.3
3,78,No,5,3,59.7
3,80,No,7,7,63.4
6,44,Yes,4,0,27.5
8,54,No,5,3,45.4
9,89,No,7,6,86.4
9,43,Yes,9,8,44.5
4,90,No,8,0,76.3
5,91,Yes,7,7,81.2
2,97,No,8,1,76.6
9,78,Yes,8,3,77.2
8,97,No,6,3,93.7
3,47,Yes,4,7,30.1
9,88,No,7,1,89.7
3,84,No,4,6,62.4
9,63,No,8,2,60.0
2,92,Yes,6,8,73.7
9,67,No,4,4,56.2
8,94,Yes,5,7,89.9
9,82,No,8,4,79.8
5,66,No,5,0,49.8
2,40,No,9,8,22.9
8,73,No,4,9,69.0
6,56,No,4,6,40.5
8,76,No,4,3,68.8
5,77,Yes,9,6,73.6
2,65,Yes,7,4,42.5
6,96,No,8,9,84.5
5,63,No,8,8,50.8
5,78,No,8,1,66.4
1,99,No,7,3,75.9
2,60,No,4,5,35.1
8,69,Yes,4,4,61.4
3,86,No,9,0,66.9
3,90,No,5,8,66.4
8,87,Yes,7,8,79.6
8,96,Yes,6,2,92.7
2,52,Yes,7,3,29.1
8,76,No,9,3,72.7
1,42,No,5,9,12.6
6,71,No,5,7,59.1
8,74,No,5,5,66.0
3,58,No,4,1,35.4
8,53,Yes,6,3,45.3
1,87,No,5,0,59.4
9,61,No,8,2,56.8
9,56,No,4,3,50.7
5,98,Yes,6,7,80.5
4,43,No,8,2,25.1
6,84,No,6,4,72.8
7,79,No,9,0,75.0
5,58,No,6,3,40.2
9,76,Yes,8,1,77.0
3,41,Yes,7,3,26.3
7,54,Yes,6,4,46.0
5,41,No,7,2,28.4
7,50,Yes,6,5,43.3
2,84,Yes,9,1,67.0
4,62,No,8,4,46.2
2,49,No,6,3,28.2
7,42,Yes,5,4,30.3
2,44,Yes,9,8,27.7
1,42,Yes,5,5,16.5
9,77,Yes,9,6,79.3
1,52,No,9,7,34.1
8,81,No,6,8,77.4
2,58,Yes,8,4,34.4
8,79,Yes,8,7,74.4
3,89,Yes,4,1,69.1
6,74,No,8,9,64.9
3,63,No,7,8,49.1
7,63,No,6,1,55.6
9,56,Yes,5,4,53.1
2,79,No,8,5,57.7
5,49,Yes,5,3,34.0
6,41,Yes,4,7,27.1
4,83,No,6,9,67.6
4,62,Yes,8,2,42.6
4,45,No,5,4,25.4
2,41,No,9,1,24.1
4,60,Yes,8,2,48.7
1,94,Yes,4,7,71.3
6,95,No,9,4,86.7
1,74,No,5,2,48.1
6,88,No,5,4,76.0
1,68,No,6,8,45.4
6,46,No,6,2,29.1
8,68,No,5,9,66.2
2,92,No,9,6,73.9
2,76,Yes,6,7,58.3
4,62,No,5,4,43.0
3,72,Yes,9,2,53.1
4,47,Yes,7,5,34.1
7,51,No,8,2,42.8
1,85,No,7,8,61.0
6,87,No,7,1,77.7
3,49,No,8,2,29.7
7,54,No,5,6,46.2
2,92,Yes,5,9,71.7
2,63,Yes,6,7,47.5
4,65,No,4,4,46.8
1,86,No,5,4,60.1
3,81,No,8,4,62.3
9,92,No,4,3,83.9
7,99,Yes,8,8,97.2
7,78,Yes,8,5,71.5
4,97,Yes,8,7,81.9
2,42,No,4,7,16.3
4,41,No,7,4,25.4
6,45,No,9,8,35.3
3,60,Yes,8,1,42.9
1,48,Yes,6,7,26.4
8,49,Yes,5,2,41.9
5,75,No,9,6,68.2
5,98,Yes,5,8,82.2
4,42,No,5,4,20.9
6,80,Yes,4,7,70.0
3,63,No,6,3,43.2
9,61,No,6,0,57.8
5,88,No,9,0,75.6
3,53,No,6,5,33.1
1,81,Yes,6,7,61.2
6,84,Yes,6,9,73.3
2,83,Yes,9,1,65.3
3,66,No,7,3,46.5
1,72,Yes,6,2,44.6
9,99,No,6,8,95.9
8,61,Yes,4,2,50.2
2,68,Yes,4,7,43.9
8,58,No,6,6,50.7
9,58,No,7,0,58.8
1,45,No,6,7,24.0
5,84,Yes,6,8,68.2
8,58,No,6,7,49.9
2,52,Yes,8,9,32.2
4,98,Yes,7,9,83.5
7,65,Yes,5,0,56.0
3,61,No,6,6,45.9
5,60,Yes,5,8,44.7
8,75,No,7,4,76.1
3,95,No,6,1,77.2
4,41,Yes,5,7,25.6
9,86,Yes,9,8,85.2
7,83,Yes,5,6,71.1
1,69,Yes,7,4,50.4
4,66,No,6,7,51.5
4,46,No,8,5,31.8
9,59,No,7,3,51.4
6,89,No,8,0,78.1
9,70,No,6,5,66.1
6,62,No,5,7,50.2
6,52,No,9,2,43.2
5,56,No,9,6,44.5
5,43,No,7,6,31.1
2,96,Yes,7,8,78.7
8,53,Yes,7,0,45.7
8,59,No,4,4,47.6
1,99,No,9,7,76.6
8,52,Yes,9,2,42.6
5,42,Yes,6,4,27.2
2,65,Yes,4,0,44.5
2,65,No,7,8,44.6
6,57,Yes,7,3,44.1
9,71,Yes,8,4,70.0
1,53,Yes,4,2,26.8
6,86,Yes,5,1,73.8
9,42,Yes,9,6,38.5
8,40,No,6,4,29.1
6,65,Yes,5,9,53.4
3,63,No,5,2,40.8
8,88,Yes,6,1,83.5
9,74,Yes,7,9,73.1
1,53,Yes,9,5,26.8
9,42,Yes,8,9,44.1
6,52,Yes,7,5,45.4
6,86,No,7,2,77.2
4,89,No,4,8,73.7
1,53,No,5,0,27.9
8,60,No,5,2,49.0
2,65,No,9,0,45.7
1,42,No,5,6,16.3
2,90,No,8,1,64.5
1,79,Yes,8,3,55.7
1,43,No,8,3,17.1
9,75,Yes,6,7,71.4
1,90,Yes,9,3,68.6
4,82,No,8,2,74.2
6,40,Yes,4,9,28.8
7,79,Yes,4,2,69.9
2,86,No,7,4,65.2
6,72,Yes,7,5,60.5
7,46,No,9,6,44.2
2,92,Yes,7,4,72.9
2,91,No,7,6,72.6
7,91,Yes,4,3,83.5
1,95,No,7,4,72.2
8,50,Yes,4,5,48.1
3,66,No,8,8,48.0
6,53,Yes,8,5,42.3
9,61,Yes,9,9,60.0
6,55,No,6,0,44.6
9,85,Yes,7,6,90.1
7,51,No,8,2,48.1
9,88,Yes,8,5,88.5
2,85,Yes,9,1,62.4
8,49,No,5,6,41.1
8,63,Yes,5,0,56.8
2,85,No,9,1,66.7
4,57,Yes,4,8,40.9
7,61,Yes,6,8,54.9
4,48,Yes,9,6,33.5
4,56,Yes,5,1,41.0
6,77,No,6,4,71.0
6,79,No,8,3,69.4
3,97,Yes,9,1,82.3
9,52,Yes,4,1,43.3
2,89,No,6,9,69.8
6,76,Yes,5,7,66.6
7,45,No,8,4,33.5
9,60,Yes,9,7,61.2
3,90,Yes,7,1,69.3
3,75,No,8,1,58.8
7,46,Yes,5,2,35.3
4,75,No,9,9,58.8
8,64,No,5,7,58.7
7,50,No,7,7,42.9
5,83,No,8,2,71.8
7,53,No,6,0,43.8
3,84,No,6,6,62.0
2,68,Yes,8,3,46.4
6,49,No,6,2,36.6
2,89,No,9,4,69.3
3,87,Yes,8,5,70.1
6,44,No,8,0,31.3
5,47,Yes,5,8,32.4
8,85,No,4,5,76.0
9,44,No,5,2,39.6
3,97,No,6,0,80.8
3,99,Yes,4,8,78.4
3,63,Yes,8,1,46.6
6,79,No,6,9,67.8
1,96,No,7,5,75.6
7,65,Yes,6,5,64.0
1,45,Yes,4,2,19.7
5,55,Yes,4,5,38.4
8,99,No,8,1,93.1
4,75,Yes,9,7,64.3
5,51,Yes,7,0,40.4
4,50,Yes,8,5,35.4
4,42,Yes,7,0,25.5
8,83,Yes,7,8,81.4
2,76,Yes,8,8,53.1
1,45,Yes,6,5,21.1
3,58,No,5,5,38.0
9,57,Yes,7,8,56.3
4,55,No,4,4,35.2
5,62,No,8,8,47.9
2,82,Yes,9,4,68.0
4,76,No,6,3,58.8
2,48,No,7,1,24.3
2,42,Yes,9,1,23.2
4,47,No,6,0,26.9
6,77,Yes,8,9,64.4
7,43,Yes,9,2,34.5
3,51,Yes,4,0,28.7
3,83,Yes,7,5,61.9
6,70,Yes,7,6,58.8
3,64,Yes,9,8,47.4
2,92,Yes,6,6,73.7
8,55,No,8,3,50.7
5,81,Yes,5,3,69.6
1,93,No,7,7,70.1
3,53,Yes,4,3,30.7
8,52,Yes,7,0,46.6
4,80,Yes,7,8,67.1
7,46,No,5,2,37.5
2,51,No,5,0,28.2
7,76,No,8,8,74.3
5,89,No,7,9,78.0
5,43,No,7,9,30.3
6,41,No,6,4,28.8
9,74,Yes,6,8,68.6
6,97,Yes,9,2,94.0
8,83,No,9,5,81.0
7,42,No,4,6,34.4
9,43,No,4,4,41.1
4,77,No,6,7,60.0
2,51,No,9,9,31.2
7,58,Yes,4,5,50.5
6,49,Yes,7,5,35.7
1,40,Yes,9,6,17.7
9,56,Yes,5,7,48.8
9,55,Yes,9,1,56.9
2,48,Yes,7,6,25.2
3,96,Yes,6,8,79.0
5,92,Yes,8,0,83.2
5,48,No,8,0,39.1
1,98,No,6,6,71.0
8,94,Yes,7,4,84.9
8,48,Yes,4,0,43.4
4,51,Yes,9,0,39.0
7,94,No,9,1,85.6
3,80,No,4,9,60.1
6,54,Yes,8,8,45.3
9,41,No,6,2,36.0
1,50,Yes,6,8,24.5
5,50,Yes,5,5,32.9
4,47,Yes,8,9,33.2
8,94,Yes,6,5,90.3
1,71,Yes,5,6,46.9
9,45,No,4,9,41.3
6,92,Yes,8,7,82.1
4,59,Yes,8,2,48.6
9,78,Yes,6,7,76.4
5,74,Yes,6,5,61.6
5,47,No,7,5,38.8
5,89,Yes,4,2,76.3
1,88,Yes,4,5,65.4
1,82,No,9,7,63.0
8,73,Yes,5,6,69.1
8,96,Yes,5,9,91.3
6,92,Yes,7,9,80.4
4,98,Yes,9,6,86.4
2,95,No,4,2,71.5
2,58,Yes,5,9,39.0
9,46,Yes,4,2,42.4
5,70,No,4,4,57.3
4,57,Yes,9,4,46.4
1,79,Yes,5,8,54.1
7,53,No,6,8,46.2
3,78,Yes,6,9,59.7
6,99,No,9,4,92.3
5,92,Yes,5,4,77.5
5,99,No,7,5,91.3
5,98,Yes,8,7,87.7
1,75,Yes,9,5,53.0
1,56,No,4,5,32.9
3,76,Yes,9,8,59.2
4,83,No,8,0,69.1
5,48,No,9,3,35.5
2,97,No,5,9,72.8
8,59,No,4,9,49.1
2,84,Yes,8,1,62.4
9,96,No,6,8,97.4
2,67,Yes,7,2,49.4
9,89,Yes,9,9,89.8
7,59,No,9,1,48.7
8,80,No,8,7,78.7
2,75,Yes,7,3,54.5
7,92,No,9,1,90.4
6,66,Yes,6,3,54.4
4,47,No,8,6,31.1
7,71,Yes,5,6,66.0
4,40,Yes,4,0,24.9
2,56,No,6,0,29.4
7,96,Yes,7,2,89.3
8,48,Yes,7,1,42.0
2,59,No,6,2,36.0
5,84,No,5,3,66.1
1,71,No,9,6,46.1
7,41,No,5,1,36.5
8,71,No,9,6,71.3
6,84,Yes,9,4,80.2
5,48,Yes,7,7,34.0
6,69,No,9,7,64.3
2,59,Yes,6,4,40.8
1,77,Yes,9,9,59.0
7,99,Yes,6,7,97.2
7,40,Yes,4,8,29.8
2,99,Yes,7,6,81.7
2,96,No,5,5,76.0
1,44,No,8,6,21.9
8,74,Yes,5,6,71.8
8,75,Yes,5,2,67.5
1,40,No,8,5,20.0
8,53,No,7,5,42.3
9,48,No,9,8,46.4
4,69,No,4,0,51.5
1,63,Yes,5,6,39.7
1,43,No,9,0,17.6
3,89,No,5,9,72.4
5,53,Yes,7,3,44.6
5,64,No,7,6,52.5
9,43,No,6,5,41.0
2,64,No,7,5,42.2
2,49,No,7,4,28.9
6,74,No,5,6,60.0
9,94,Yes,4,8,92.2
1,46,Yes,5,5,21.9
9,81,Yes,9,9,80.5
9,52,Yes,7,6,53.5
9,43,Yes,6,8,40.8
5,89,No,4,6,68.6
9,82,No,6,5,82.0
4,96,No,8,2,86.2
2,75,No,6,0,49.9
6,95,No,6,9,83.5
4,53,No,9,8,41.2
6,57,No,7,6,50.3
3,47,No,9,2,29.6
6,71,No,7,9,61.3
2,66,No,9,8,43.5
2,81,No,7,2,58.9
9,76,No,7,2,72.3
7,62,No,7,6,51.6
3,46,Yes,6,1,30.9
1,51,No,8,9,27.5
8,64,Yes,7,6,62.0
6,42,No,8,6,28.7
7,65,No,8,0,56.3
9,43,No,5,9,37.7
5,81,Yes,5,1,65.7
1,75,Yes,4,4,45.7
7,54,No,9,3,48.5
5,71,No,5,2,62.2
3,68,No,7,9,48.0
9,49,No,8,7,49.8
1,60,Yes,9,6,42.2
1,93,Yes,4,8,69.5
1,55,No,5,2,23.6
3,86,Yes,6,9,69.1
6,58,Yes,9,0,52.7
3,68,No,4,8,45.0
8,91,No,7,8,91.6
2,90,No,9,0,71.8
9,57,Yes,8,7,54.8
3,97,No,7,9,76.5
5,83,Yes,7,0,67.5
8,96,No,9,5,92.4
2,55,No,6,8,29.8
6,40,Yes,6,2,30.3
5,87,Yes,9,5,75.6
9,41,Yes,9,2,43.3
5,95,Yes,9,4,87.3
2,54,Yes,8,6,31.0
5,78,Yes,5,9,66.9
4,67,No,7,3,50.4
7,40,Yes,9,3,31.9
6,44,Yes,5,6,32.4
2,81,No,8,4,62.2
5,61,Yes,7,0,48.0
7,92,Yes,5,9,86.5
7,75,No,7,1,69.1
5,85,No,6,5,74.3
9,52,No,9,8,53.2
4,40,Yes,6,6,21.5
3,55,No,4,3,37.2
4,94,Yes,8,1,78.1
5,80,No,9,3,68.0
6,61,Yes,5,4,47.7
3,71,No,7,1,49.8
2,55,No,4,0,34.8
4,90,No,8,3,71.2
5,54,Yes,8,5,41.5
4,97,Yes,8,0,79.0
3,85,No,5,0,59.7
8,91,No,9,8,92.0
4,81,No,6,4,61.6
2,92,No,4,1,70.6
2,51,Yes,5,1,31.7
1,99,No,7,3,74.7
4,40,No,5,1,23.3
9,92,Yes,7,3,92.8
7,56,Yes,7,5,50.4
7,80,No,8,6,77.0
7,94,No,5,5,83.6
8,90,Yes,6,3,84.0
1,96,Yes,7,9,73.1
8,89,No,8,2,83.4
4,67,Yes,6,3,52.8
4,46,Yes,5,4,26.1
4,48,No,6,3,30.3
6,61,No,5,2,50.5
7,65,Yes,7,0,54.3
6,92,No,4,2,80.4
1,51,No,4,4,21.7
8,46,No,9,5,42.0
7,85,No,9,3,77.2
6,86,No,7,0,78.1
6,54,Yes,6,9,39.9
5,77,Yes,5,6,62.3
6,60,No,4,8,46.0
9,53,No,5,5,49.1
9,41,No,7,5,42.7
8,47,Yes,6,8,39.4
9,84,Yes,5,3,80.2
8,94,Yes,6,4,90.2
8,45,Yes,4,4,37.5
1,76,No,5,4,49.5
5,76,No,8,7,64.3
4,96,Yes,4,0,77.4
2,72,Yes,6,9,48.9
8,80,No,7,9,74.5
3,45,No,8,2,25.1
4,91,No,9,7,74.4
7,65,No,5,8,58.5
9,78,No,9,1,77.9
2,80,Yes,4,3,60.7
3,76,No,5,7,55.9
4,53,Yes,5,4,32.5
1,76,Yes,8,0,52.5
7,47,No,8,5,37.2
2,78,Yes,8,8,57.8
5,52,Yes,8,8,38.8
1,52,No,7,0,27.7
3,79,Yes,6,3,64.0
2,82,No,8,0,61.2
1,67,No,4,6,39.0
7,97,Yes,5,2,83.1
5,57,No,9,1,47.1
1,96,No,8,7,74.2
6,58,Yes,4,8,44.1
5,77,No,7,6,64.5
3,71,Yes,4,5,49.9
7,61,Yes,9,9,52.6
9,41,No,9,5,37.1
9,99,Yes,4,8,95.7
9,52,No,7,4,50.2
2,62,Yes,9,4,41.7
3,64,No,7,1,46.2
7,67,No,5,5,62.5
5,97,Yes,8,5,88.0
2,50,Yes,9,5,26.5
3,72,No,4,3,55.5
6,63,No,6,6,56.0
7,41,Yes,6,8,34.6
9,69,No,5,0,65.1
1,56,No,6,2,31.7
7,79,Yes,5,9,69.2
8,73,Yes,8,8,67.7
3,77,No,5,4,60.3
4,61,Yes,7,5,45.6
6,44,Yes,7,7,35.1
7,87,No,7,8,77.7
4,79,Yes,9,7,66.8
8,90,Yes,7,2,84.9
5,55,No,7,9,39.6
1,52,Yes,7,0,28.1
4,65,No,7,4,48.7
3,70,Yes,9,6,54.8
9,91,Yes,7,1,88.8
8,78,No,7,0,76.4
1,87,Yes,8,3,65.4
6,62,Yes,9,2,53.5
9,87,Yes,7,3,87.8
7,51,Yes,5,0,45.4
4,53,Yes,8,1,39.7
1,95,Yes,9,0,72.0
2,57,No,6,2,34.6
5,66,Yes,4,3,50.0
5,67,Yes,9,0,58.4
8,57,No,8,5,54.3
6,55,No,7,1,41.7
8,91,No,8,9,86.9
2,55,Yes,4,4,35.4
3,52,No,4,7,34.0
6,97,No,9,3,89.9
3,68,Yes,7,4,48.9
6,48,No,7,8,39.4
6,65,Yes,5,1,51.7
2,67,Yes,4,1,45.5
7,80,Yes,7,5,73.6
2,52,Yes,4,5,26.9
6,75,Yes,5,2,59.1
1,48,No,6,8,26.9
3,86,Yes,4,0,65.6
2,53,No,5,2,23.3
7,90,Yes,5,7,82.7
4,51,No,5,7,35.6
8,92,Yes,8,3,90.2
6,97,Yes,9,7,91.9
4,96,Yes,7,9,81.1
5,71,No,4,7,59.1
9,77,No,9,0,76.6
7,42,No,8,2,36.4
9,97,Yes,4,0,94.5
7,96,Yes,9,1,95.3
1,93,No,8,3,69.5
8,91,Yes,7,2,87.8
4,55,No,5,5,35.1
3,59,Yes,9,4,37.6
7,71,No,9,4,67.7
3,95,No,4,9,79.3
8,62,Yes,5,6,58.5
6,56,No,7,6,50.8
5,55,Yes,4,8,41.8
4,77,Yes,6,7,61.6
8,47,Yes,6,2,39.5
8,58,No,6,1,50.5
1,69,No,7,0,43.5
9,96,No,6,9,94.4
5,97,Yes,9,5,86.6
4,73,Yes,4,3,59.9
6,53,No,9,2,39.9
6,61,Yes,6,1,50.8
2,83,Yes,4,1,62.0
8,56,No,9,3,50.7
7,99,No,7,0,89.2
1,98,Yes,5,5,74.4
5,54,Yes,9,9,39.3
6,89,No,8,4,81.4
4,87,No,6,9,75.9
2,71,Yes,8,8,53.5
4,52,Yes,5,1,35.4
1,60,Yes,7,8,41.3
7,88,No,9,8,84.1
2,79,Yes,7,9,57.5
2,72,Yes,5,8,45.3
9,96,Yes,8,9,96.4
5,97,Yes,9,9,88.1
2,66,Yes,6,3,41.0
9,74,Yes,4,4,69.2
9,55,No,7,7,52.1
1,67,No,5,7,41.8
3,73,No,9,0,55.2
4,86,Yes,8,9,73.3
7,40,No,6,0,31.7
4,80,Yes,8,9,66.2
2,87,Yes,6,5,62.7
7,70,Yes,9,6,66.5
6,75,Yes,4,1,63.1
3,83,Yes,4,1,62.8
6,72,No,5,4,58.3
6,72,No,5,8,65.3
5,78,No,6,4,61.2
4,57,Yes,6,7,40.8
1,62,No,6,7,39.9
6,99,Yes,6,4,90.0
2,62,No,9,7,42.2
3,54,No,9,7,37.8
8,65,No,4,4,52.9
6,69,No,5,4,61.9
3,64,No,5,3,46.7
7,84,No,7,0,75.8
4,55,Yes,5,8,35.8
9,78,Yes,5,1,72.2
5,87,Yes,8,0,73.9
3,84,Yes,8,5,73.5
2,53,Yes,7,4,29.6
2,56,No,6,0,32.0
3,51,Yes,7,6,28.8
2,68,Yes,7,6,47.8
4,71,Yes,4,2,52.9
2,95,Yes,9,7,73.3
9,63,Yes,5,5,58.2
2,91,Yes,4,3,69.0
9,52,Yes,9,9,54.1
6,95,Yes,5,9,86.2
1,59,Yes,7,9,35.9
4,54,No,5,2,35.0
1,95,Yes,6,0,69.7
6,92,Yes,6,1,80.7
4,43,No,7,1,27.4
3,93,No,8,4,78.7
3,73,Yes,6,3,54.6
9,67,Yes,7,1,63.3
6,89,Yes,4,8,74.9
9,41,No,8,6,39.3
5,96,Yes,6,7,83.7
2,86,No,7,7,65.5
8,69,No,7,1,60.6
5,65,No,4,4,48.3
2,90,No,4,2,66.3
4,86,No,8,9,76.0
9,65,Yes,9,8,67.2
4,59,Yes,6,8,43.4
4,81,No,7,5,68.2
2,67,No,8,3,48.5
6,95,No,8,7,89.0
2,59,No,4,4,36.8
7,50,Yes,7,2,42.3
3,97,No,5,7,80.4
3,49,No,9,5,35.5
5,62,Yes,9,4,50.3
3,76,Yes,4,0,55.8
2,80,Yes,7,2,62.5
9,91,Yes,8,6,93.3
2,58,No,9,2,36.7
2,84,No,8,0,62.3
8,57,No,6,7,50.8
9,88,No,5,6,83.5
7,66,No,4,4,55.6
3,45,No,9,9,33.8
9,49,No,6,4,44.2
3,41,No,6,5,15.8
5,63,No,5,6,45.8
9,77,Yes,4,2,72.9
3,67,No,4,3,45.0
7,67,Yes,8,0,64.4
1,92,Yes,4,6,68.5
4,84,Yes,6,9,64.5
4,89,Yes,8,1,76.6
7,78,No,4,6,68.3
8,41,Yes,5,5,33.3
1,85,Yes,6,3,60.2
5,44,No,7,1,30.0
7,89,Yes,5,6,81.6
4,50,No,5,6,33.7
4,49,No,4,4,28.5
4,82,No,8,8,68.2
6,98,No,8,2,90.6
7,41,Yes,6,8,32.0
2,54,No,4,4,30.9
5,78,Yes,8,1,60.3
4,80,Yes,9,8,67.2
3,76,No,7,0,53.0
7,46,Yes,9,0,40.0
6,59,No,4,6,43.5
7,73,Yes,4,2,64.5
5,74,Yes,8,7,65.9
6,73,Yes,5,6,62.2
5,92,Yes,4,6,79.6
7,61,No,5,0,47.9
2,70,No,6,0,44.3
5,62,Yes,6,1,42.9
6,58,Yes,8,1,50.2
6,43,Yes,6,4,28.8
5,63,Yes,9,8,53.2
7,59,No,9,6,54.1
8,78,Yes,9,1,75.3
7,67,Yes,8,4,66.9
5,93,Yes,8,4,84.4
1,78,No,9,7,55.2
5,56,Yes,5,8,40.7
2,58,No,9,7,39.0
5,93,No,5,1,76.8
5,87,Yes,6,3,74.9
2,74,Yes,5,1,45.8
5,71,Yes,4,5,54.4
4,86,No,7,3,72.9
1,85,No,4,6,60.8
3,86,Yes,4,1,66.5
1,85,No,8,8,62.2
5,78,Yes,7,4,62.2
4,96,Yes,8,0,84.8
7,74,Yes,5,2,64.6
5,69,Yes,9,3,59.3
4,56,Yes,5,2,45.7
2,81,Yes,7,5,63.7
4,86,No,6,5,69.4
2,68,No,5,9,45.6
8,45,No,4,6,38.3
3,99,Yes,7,8,78.4
9,56,Yes,7,9,56.9
4,56,Yes,5,8,37.9
6,53,No,5,6,41.7
5,63,Yes,8,0,50.9
1,96,No,8,2,75.9
9,89,Yes,4,4,86.9
1,96,No,7,9,73.3
8,76,Yes,6,5,73.6
9,79,Yes,6,5,78.0
9,78,No,7,4,76.4
1,94,No,4,5,68.8
2,71,No,8,8,54.9
1,75,Yes,8,0,55.9
2,89,No,8,0,70.7
8,76,No,6,8,67.7
5,87,Yes,6,7,73.8
7,53,Yes,4,8,43.3
2,66,No,6,6,43.6
8,98,Yes,5,9,98.8
6,58,No,6,5,49.4
8,70,No,8,8,65.1
1,85,No,4,1,57.9
1,48,Yes,7,3,20.8
7,77,No,7,1,71.1
8,56,No,4,5,47.1
3,58,Yes,5,0,34.7
5,83,No,7,6,65.7
1,43,No,8,6,19.5
7,87,No,7,6,82.9
5,96,Yes,7,3,85.2
8,50,No,8,7,47.2
8,61,Yes,6,4,57.5
9,43,Yes,5,1,43.0
7,56,No,8,4,54.6
1,47,No,8,9,26.4
3,85,Yes,9,8,67.6
8,98,No,4,9,94.7
3,73,No,5,0,52.5
8,50,Yes,6,1,41.2
1,70,No,9,9,49.2
5,50,No,8,7,40.2
4,95,Yes,9,4,79.3
5,93,No,6,8,80.5
8,95,Yes,9,5,95.9
4,77,Yes,9,7,64.8
4,92,No,9,0,74.0
3,60,Yes,8,8,47.1
7,85,No,8,8,79.8
3,69,No,4,2,51.9
3,49,Yes,7,0,25.0
5,65,Yes,5,7,45.2
5,66,Yes,4,7,50.6
6,47,Yes,6,8,36.1
8,78,Yes,9,5,77.9
6,47,Yes,8,8,39.7
1,99,No,9,9,82.3
8,47,No,8,8,42.9
8,94,Yes,5,3,90.3
9,73,No,4,4,68.0
9,98,Yes,4,5,100.0
2,55,Yes,6,5,36.3
2,80,No,4,9,60.1
3,52,No,4,1,26.6
1,62,Yes,7,3,39.5
4,51,Yes,5,8,37.2
4,66,Yes,9,6,54.3
9,61,No,4,8,57.4
9,71,Yes,6,5,69.0
9,96,Yes,9,6,98.0
7,88,No,8,8,82.6
2,66,No,4,3,42.8
5,41,No,4,8,22.2
4,84,Yes,9,2,69.5
8,72,Yes,8,7,64.7
2,65,No,7,2,46.9
6,67,Yes,5,2,57.6
5,58,Yes,7,2,45.2
2,82,No,6,8,58.4
1,44,No,9,9,16.0
8,72,Yes,4,2,65.9
2,59,No,7,5,38.0
7,69,No,5,3,57.7
9,84,Yes,6,1,83.4
9,47,Yes,7,2,48.6
8,77,Yes,4,4,71.4
9,56,Yes,5,9,57.8
2,83,Yes,4,3,57.2
6,40,Yes,4,4,24.1
4,42,No,6,0,28.1
4,85,No,5,3,64.0
5,65,No,8,9,54.6
3,70,Yes,4,2,50.4
1,47,Yes,5,1,25.4
8,82,Yes,4,6,77.7
5,98,Yes,7,9,83.4
3,85,Yes,7,8,67.7
7,47,No,5,0,41.0
7,74,Yes,6,6,66.1
1,78,No,8,0,56.0
9,67,Yes,7,4,66.7
2,90,No,6,0,70.7
5,43,No,8,2,32.0
5,96,No,7,7,85.4
8,55,No,8,3,50.1
8,52,No,9,0,47.8
7,59,No,4,0,46.4
7,90,No,5,7,86.2
6,44,Yes,7,7,33.2
6,94,Yes,7,3,83.6
9,76,No,4,3,72.3
6,59,Yes,7,9,50.2
2,63,Yes,7,1,41.3
2,75,No,9,1,53.4
5,73,Yes,7,5,59.8
4,97,No,7,7,82.1
2,84,Yes,7,6,66.7
3,87,No,6,6,68.6
7,93,Yes,7,2,89.0
8,73,No,4,1,65.4
6,58,Yes,9,9,54.5
5,56,Yes,7,6,47.7
1,44,Yes,8,3,20.7
8,64,No,9,0,60.5
3,57,No,9,0,39.9
6,99,Yes,8,3,93.6
3,94,Yes,4,4,77.7
7,92,No,6,4,84.3
7,89,Yes,4,0,78.2
9,47,Yes,6,2,51.5
5,66,No,5,5,50.3
8,54,No,8,9,49.0
8,84,Yes,9,6,81.6
1,52,No,9,0,30.7
5,55,Yes,9,7,43.7
3,61,Yes,8,3,45.0
1,59,No,8,8,38.6
4,52,Yes,6,5,33.3
8,59,No,9,0,51.6
3,41,No,4,1,17.0
2,74,Yes,6,2,48.7
9,86,No,9,1,83.8
5,94,Yes,8,9,81.8
7,58,No,8,6,53.0
2,84,Yes,8,0,68.2
9,76,No,9,8,76.6
9,97,Yes,8,1,95.9
4,93,Yes,5,3,80.9
4,45,No,8,7,28.0
6,53,Yes,9,2,45.3
6,43,Yes,6,8,30.3
1,61,Yes,8,6,40.2
9,90,Yes,7,9,91.5
2,94,Yes,5,2,69.6
5,78,Yes,9,2,68.5
9,75,No,8,4,75.4
4,73,No,7,4,53.9
3,66,No,9,9,48.4
7,46,No,6,4,37.6
6,42,Yes,5,8,29.5
8,86,Yes,8,8,85.1
3,72,No,6,5,53.9
5,41,Yes,9,6,28.3
4,81,No,7,9,70.8
4,55,Yes,9,7,39.7
4,64,Yes,9,8,50.9
8,99,No,5,5,90.2
6,54,Yes,8,7,46.4
3,63,No,6,1,41.4
5,54,No,5,9,42.1
6,70,No,7,7,61.4
5,53,Yes,8,1,43.1
6,93,Yes,5,7,83.7
8,53,No,7,1,42.4
7,45,Yes,7,2,37.8
5,53,No,6,6,41.5
6,56,No,9,8,49.6
4,57,Yes,7,2,41.0
9,59,No,7,4,58.0
4,90,Yes,9,8,77.4
1,56,Yes,4,6,32.2
7,55,Yes,7,1,46.7
7,79,No,8,4,73.1
4,78,No,5,4,61.1
3,91,Yes,9,8,72.8
8,71,Yes,9,1,65.8
5,99,No,9,0,88.7
7,83,Yes,8,3,79.0
4,48,Yes,9,3,32.2
4,66,No,8,0,49.1
8,85,No,6,9,79.5
8,91,No,4,6,88.4
2,72,Yes,9,1,49.1
2,49,No,4,8,25.2
3,56,No,9,6,43.3
3,88,No,8,6,74.2
1,88,No,5,0,62.6
3,75,No,4,8,55.5
6,56,No,4,9,46.8
8,57,No,8,8,51.1
6,91,Yes,4,1,76.7
5,62,No,6,9,49.1
4,73,Yes,8,8,58.2
3,47,Yes,4,1,29.9
4,52,No,4,1,36.9
7,62,Yes,4,7,54.4
1,96,No,8,2,71.3
7,93,Yes,5,2,87.6
1,59,No,7,6,34.0
2,61,Yes,9,9,39.8
4,86,No,4,5,67.5
1,91,No,7,6,68.0
9,62,Yes,7,5,58.4
6,80,Yes,4,8,70.9
1,74,No,4,1,48.1
1,42,Yes,9,7,21.3
6,73,No,7,5,58.8
4,72,Yes,5,3,56.7
4,85,No,7,5,69.2
6,56,Yes,5,5,40.7
7,84,No,6,9,77.5
9,58,Yes,5,2,54.9
5,69,No,9,7,58.2
9,62,Yes,8,4,63.2
4,54,No,4,9,38.1
2,98,Yes,6,3,74.2
3,96,Yes,7,1,77.2
1,53,No,5,9,28.0
6,41,Yes,6,0,30.1
6,78,Yes,8,6,68.4
1,88,No,5,9,62.0
3,57,No,9,2,38.6
5,45,No,7,2,35.1
3,98,No,7,2,77.4
3,71,Yes,5,9,55.0
3,60,Yes,8,2,44.0
5,79,Yes,4,1,62.9
5,67,No,4,5,49.6
4,66,Yes,7,9,50.3
1,41,Yes,8,2,16.8
5,72,No,7,0,54.1
5,55,Yes,4,9,35.7
4,78,Yes,7,8,63.9
6,61,No,5,5,47.8
4,95,Yes,9,5,78.5
7,82,No,5,9,73.7
7,86,No,9,8,81.3
2,52,Yes,8,1,30.7
3,95,Yes,4,9,73.2
1,41,Yes,8,8,18.1
8,53,No,8,2,45.0
9,95,No,4,2,90.1
4,77,Yes,6,2,60.9
6,80,Yes,6,0,65.6
9,67,No,7,9,64.1
6,46,Yes,6,6,37.0
9,57,Yes,5,9,51.5
4,95,No,9,6,82.5
8,80,Yes,8,1,74.6
9,94,Yes,7,5,93.3
4,75,Yes,8,3,56.5
5,80,Yes,4,6,65.7
8,75,No,6,6,69.7
6,83,No,4,3,69.9
7,43,No,7,2,32.5
3,96,No,9,6,82.1
7,69,Yes,5,8,60.3
8,63,Yes,6,3,59.1
6,59,Yes,4,5,46.6
9,85,Yes,9,6,87.3
6,95,No,6,9,85.1
9,70,Yes,8,2,69.8
4,63,Yes,5,4,47.7
8,46,No,9,0,43.8
4,65,No,6,5,51.0
2,52,No,5,4,25.9
9,93,Yes,9,6,99.2
5,47,No,8,8,34.8
4,94,Yes,8,3,83.7
2,44,Yes,4,8,23.5
1,83,No,7,5,60.5
7,52,No,4,4,40.3
6,68,No,5,1,58.1
2,59,Yes,4,0,32.9
8,53,Yes,9,7,52.1
4,71,Yes,6,5,58.9
8,99,No,9,6,99.7
7,89,Yes,4,5,78.6
5,66,Yes,7,9,54.4
8,95,Yes,9,6,96.0
9,64,Yes,9,8,65.1
5,91,No,9,4,78.5
5,43,Yes,7,0,30.1
2,60,No,9,0,38.2
5,57,No,5,8,38.7
3,78,Yes,8,4,60.4
7,54,Yes,7,1,51.9
5,92,No,5,2,79.4
8,77,Yes,7,0,72.1
1,87,No,7,5,66.6
3,91,Yes,8,5,75.5
3,63,Yes,6,2,41.1
9,47,No,5,2,40.1
5,67,Yes,7,6,50.9
9,60,No,7,0,52.7
9,55,No,4,4,49.9
1,99,Yes,9,2,81.4
2,93,No,6,4,73.3
5,55,Yes,8,3,45.3
4,74,Yes,5,5,60.5
9,56,Yes,7,8,54.8
7,48,No,9,1,43.0
6,96,Yes,5,9,83.3
7,74,Yes,8,7,71.1
1,91,No,6,1,66.2
1,68,No,4,3,43.2
8,78,No,6,8,72.3
2,57,No,4,3,32.4
9,51,Yes,5,6,47.7
7,58,Yes,6,4,49.7
6,87,Yes,6,1,75.1
1,61,Yes,6,7,36.7
1,98,No,8,9,73.5
2,95,No,5,9,73.3
6,88,Yes,4,1,71.5
6,91,No,6,2,76.7
2,54,No,5,9,30.6
1,40,No,9,6,16.3
5,41,No,8,4,28.3
5,47,No,8,9,37.3
2,61,Yes,9,2,42.1
6,64,Yes,5,1,55.1
9,41,No,4,5,35.7
2,90,No,5,9,66.4
2,48,Yes,5,0,22.8
3,48,Yes,7,7,29.7
7,52,No,8,4,43.9
6,45,No,4,4,33.9
8,69,No,7,1,63.4
8,54,Yes,9,6,50.0
6,90,No,5,4,75.2
3,92,No,9,7,76.3
3,54,No,8,4,37.8
1,89,No,7,8,65.0
7,46,No,7,4,38.4
5,97,No,4,2,85.3
4,50,No,5,1,30.2
4,79,No,4,4,60.7
4,77,Yes,7,9,62.0
6,79,Yes,7,9,71.6
8,41,Yes,4,4,33.9
8,90,No,7,5,89.6
5,87,Yes,6,1,74.0
6,78,Yes,8,4,69.2
4,49,Yes,5,0,30.8
9,83,Yes,8,2,77.5
8,56,Yes,5,2,45.2
1,46,No,7,2,22.6
2,93,Yes,4,2,68.1
9,79,No,4,7,77.8
8,78,No,7,0,73.7
3,43,Yes,5,5,26.4
8,74,No,7,5,69.0
1,90,Yes,5,0,67.1
4,86,No,7,0,68.8
3,75,No,7,2,57.9
6,70,Yes,7,7,62.6
7,64,No,4,5,47.9
4,80,No,5,3,69.4
7,52,No,9,4,49.8
9,57,No,7,9,56.8
2,60,No,8,2,45.2
3,87,No,8,5,69.4
5,40,No,4,5,25.6
3,75,No,6,5,55.9
8,89,Yes,9,8,86.1
8,47,No,4,9,39.4
8,91,Yes,6,7,84.2
9,87,Yes,4,5,84.3
4,60,No,8,1,42.0
5,82,No,7,3,71.3
5,91,Yes,5,5,78.0
8,92,Yes,7,8,93.0
7,92,Yes,8,1,83.0
9,60,No,5,5,56.3
8,66,No,6,9,61.6
2,58,No,6,9,41.6
4,62,Yes,8,9,47.7
6,90,No,5,6,79.1
2,89,No,7,7,68.4
7,90,No,8,8,86.8
3,82,No,6,4,60.6
3,74,Yes,8,8,56.9
2,79,No,7,8,59.9
8,91,No,4,6,84.2
6,90,Yes,9,1,82.5
1,81,No,9,7,58.1
1,87,Yes,9,4,65.8
7,44,Yes,4,7,31.9
8,91,No,7,1,82.1
5,80,Yes,5,6,68.9
5,47,No,8,4,33.8
4,50,Yes,7,3,32.9
6,55,Yes,4,9,41.0
6,78,No,6,5,69.1
3,86,Yes,9,4,69.5
9,63,No,9,5,65.0
7,60,No,7,8,53.4
1,91,No,9,0,72.6
7,62,No,9,0,59.7
5,88,Yes,7,5,72.6
5,77,No,7,1,64.5
2,86,Yes,4,7,64.2
4,47,No,4,6,25.6
6,46,Yes,9,5,36.6
7,41,Yes,7,3,34.2
5,69,Yes,7,8,57.5
9,52,Yes,9,6,55.7
3,62,No,5,6,42.6
1,68,No,6,4,40.4
4,77,Yes,8,0,65.8
9,76,Yes,8,1,74.7
4,59,No,9,7,42.3
2,72,Yes,8,4,54.6
5,68,Yes,4,1,53.3
3,89,No,4,4,68.5
9,54,Yes,5,7,50.6
4,62,Yes,9,3,48.1
6,81,No,4,2,68.7
2,42,Yes,9,4,22.3
6,76,No,9,6,70.6
3,95,No,7,1,75.2
9,68,No,6,0,63.0
2,84,No,6,4,59.8
9,47,Yes,9,6,47.5
5,61,No,6,7,50.6
8,92,No,6,7,87.0
2,68,Yes,8,9,45.7
6,41,No,8,8,32.9
3,80,Yes,7,0,62.7
5,88,No,5,6,73.7
8,98,No,4,9,94.2
1,89,No,4,7,66.7
5,84,No,8,5,70.5
3,40,Yes,9,9,21.7
4,83,Yes,6,3,66.8
2,59,Yes,7,6,40.9
9,91,No,5,2,81.4
3,60,No,8,1,38.8
2,76,No,9,5,55.7
9,47,Yes,7,1,42.9
7,66,No,9,5,62.9
6,86,Yes,7,9,79.2
1,98,Yes,8,2,77.4
5,74,Yes,7,1,61.0
3,45,No,6,7,23.9
1,99,No,7,3,75.9
4,84,No,5,3,66.6
2,83,No,7,6,64.0
2,58,Yes,4,7,33.7
3,57,Yes,7,8,41.6
8,95,No,9,9,91.8
8,40,No,8,7,35.8
7,64,No,4,3,46.7
6,66,Yes,8,1,57.3
9,46,No,9,9,46.5
4,83,Yes,5,4,67.7
1,81,Yes,6,6,57.2
8,68,Yes,5,1,59.3
7,70,Yes,4,3,57.9
7,83,Yes,9,5,78.9
3,82,Yes,9,7,71.3
4,75,Yes,6,9,60.1
9,58,No,7,5,54.5
6,45,No,4,5,34.5
5,64,No,6,5,50.0
3,70,Yes,8,3,52.6
9,48,Yes,6,2,50.1
5,59,No,8,0,44.9
5,49,Yes,8,1,37.0
4,76,Yes,9,1,60.5
4,66,Yes,6,9,51.4
1,52,Yes,9,6,29.2
7,80,Yes,9,5,72.4
9,41,Yes,5,7,38.2
3,89,Yes,5,8,68.5
2,60,Yes,9,4,44.7
3,72,Yes,9,2,56.5
1,63,Yes,8,3,38.2
6,92,Yes,9,7,81.0
7,83,Yes,4,2,74.0
2,81,No,6,1,59.3
8,73,Yes,4,6,66.1
6,99,Yes,5,3,90.5
4,48,No,4,7,34.0
5,41,No,7,0,26.0
8,94,No,7,7,87.6
3,95,Yes,5,4,73.8
3,69,Yes,4,1,47.6
4,61,No,6,0,44.9
1,85,No,5,5,61.3
9,50,No,7,8,46.2
8,94,Yes,5,8,85.3
8,82,Yes,4,8,76.3
6,56,No,4,3,43.9
7,75,Yes,4,5,66.1
6,52,Yes,8,9,47.1
9,46,No,4,5,42.5
3,55,No,9,4,41.5
3,72,No,7,1,51.8
3,84,Yes,7,6,68.8
3,40,Yes,8,0,22.2
9,50,Yes,7,5,50.5
4,45,Yes,7,4,25.8
7,59,Yes,5,4,52.3
9,74,No,4,7,71.8
7,83,Yes,9,8,77.8
9,76,Yes,9,6,78.6
3,80,No,5,9,62.1
4,65,No,9,7,51.4
8,97,No,5,1,87.9
6,51,No,9,1,41.3
5,69,Yes,7,7,57.9
4,67,Yes,6,5,51.7
8,66,No,4,7,58.1
1,81,Yes,6,8,58.6
9,58,No,7,8,56.0
1,44,Yes,8,5,19.6
8,97,Yes,5,7,89.3
4,44,Yes,9,1,24.4
9,80,No,9,7,82.7
5,66,No,7,2,49.7
3,67,Yes,9,0,52.0
9,65,Yes,7,6,60.8
9,66,No,6,0,60.0
4,91,No,8,0,75.3
4,88,Yes,5,0,71.8
8,81,Yes,9,3,79.3
2,60,No,8,3,35.9
9,40,Yes,8,9,41.6
6,93,No,8,5,87.6
9,67,No,4,9,61.8
8,87,Yes,8,2,89.3
7,97,Yes,7,9,93.3
1,97,Yes,4,5,73.5
3,54,No,4,6,32.5
2,94,No,8,0,72.6
5,56,No,9,5,44.2
5,65,Yes,9,9,55.7
5,59,Yes,9,0,45.4
4,64,No,9,6,51.2
5,52,No,7,9,38.1
3,72,Yes,9,4,57.0
1,64,No,5,9,39.1
5,47,Yes,8,3,35.2
9,44,Yes,4,0,40.1
9,45,No,5,8,43.7
4,62,No,9,6,47.9
3,91,No,5,1,68.1
1,69,No,4,3,37.5
2,53,No,9,3,32.1
8,93,Yes,5,7,90.9
1,62,No,7,1,35.5
8,50,Yes,7,4,42.9
7,70,No,8,9,64.7
8,45,No,8,7,40.9
6,50,No,5,5,40.5
9,52,No,4,3,44.8
3,51,No,7,4,33.9
4,93,No,6,1,72.2
6,41,Yes,8,4,31.0
8,92,No,7,2,84.1
5,74,No,9,2,63.2
3,94,No,5,6,78.3
6,75,No,7,2,63.6
4,56,Yes,7,3,37.7
9,67,Yes,5,6,64.2
3,67,Yes,8,2,51.4
4,61,Yes,8,9,45.8
7,77,Yes,6,9,70.6
7,46,Yes,6,1,34.3
4,54,No,8,9,41.7
6,71,No,8,6,62.7
3,50,Yes,8,4,35.9
6,63,No,8,0,55.7
2,42,No,7,9,16.7
8,69,No,6,7,66.7
2,45,No,5,2,21.9
7,97,No,4,6,87.5
9,41,Yes,5,5,38.6
1,53,Yes,9,9,34.2
8,80,Yes,4,5,71.1
7,57,Yes,7,7,49.7
6,90,Yes,9,3,81.0
6,83,Yes,6,3,71.4
6,70,No,4,2,56.8
9,52,Yes,8,0,48.8
2,65,No,9,9,44.7
1,83,No,7,2,57.5
6,51,Yes,4,0,38.5
8,57,Yes,8,5,53.8
3,48,Yes,9,7,29.7
1,88,No,7,2,62.2
9,60,Yes,9,3,63.7
1,87,Yes,4,4,64.0
3,88,Yes,8,6,74.9
8,92,No,6,5,87.3
3,95,Yes,7,1,76.8
4,79,Yes,4,6,62.1
8,82,No,8,7,79.0
1,63,No,6,0,37.0
6,73,No,9,5,67.1
1,47,Yes,8,8,24.2
1,83,Yes,6,6,61.6
8,92,No,4,4,80.3
4,72,Yes,8,9,58.6
1,62,No,8,9,39.2
7,52,No,5,8,42.9
5,93,No,7,1,78.2
5,92,No,8,6,83.1
1,88,No,6,8,67.3
6,53,Yes,7,1,40.3
9,53,Yes,4,9,47.6
9,55,Yes,7,5,52.7
8,88,Yes,5,8,84.6
5,77,No,4,2,65.2
1,97,Yes,8,7,77.0
9,99,No,9,4,100.0
1,78,No,4,6,53.6
8,65,Yes,4,2,57.6
5,65,Yes,5,7,48.9
3,40,No,6,1,18.9
7,71,Yes,4,7,61.9
7,96,Yes,6,1,89.6
9,54,Yes,7,6,54.3
7,91,Yes,9,1,91.3
3,60,No,5,6,39.6
1,57,No,8,0,32.7
8,69,Yes,4,5,60.7
3,99,No,9,9,85.6
8,97,No,9,6,98.9
8,52,Yes,6,3,43.9
5,63,Yes,4,0,50.3
1,69,No,9,5,50.2
7,41,No,5,3,31.5
5,58,No,8,2,47.0
8,86,Yes,7,3,85.1
9,83,No,7,5,82.1
7,86,No,6,4,77.8
7,64,Yes,9,1,59.8
1,89,No,7,1,65.7
4,53,Yes,6,2,36.1
2,45,Yes,8,5,24.8
2,51,No,4,0,30.0
2,59,Yes,5,6,38.5
4,62,Yes,8,7,46.2
1,69,No,8,6,46.6
4,69,Yes,7,2,54.2
2,77,No,7,5,55.7
5,97,Yes,5,3,82.9
3,69,Yes,4,4,47.5
8,80,No,8,2,77.8
4,69,No,9,4,58.9
1,96,No,7,5,73.0
1,97,Yes,8,7,74.5
3,75,No,4,5,55.2
9,88,Yes,6,8,85.8
7,73,No,4,9,62.9
2,55,Yes,8,9,38.4
9,63,No,8,9,63.6
2,53,Yes,5,9,31.6
3,65,No,8,3,49.3
2,47,Yes,7,1,27.5
3,53,Yes,9,8,40.1
6,70,Yes,5,2,55.6
9,41,Yes,8,6,41.3
9,87,No,4,3,82.8
7,43,Yes,8,0,39.1
3,40,No,4,7,18.9
4,94,Yes,4,3,75.7
6,59,No,8,5,49.2
5,98,Yes,4,6,87.7
2,53,Yes,9,7,34.0
6,79,No,6,9,69.2
3,64,No,5,1,42.1
8,99,Yes,8,8,99.3
2,64,No,6,9,45.3
1,42,No,4,2,18.3
9,44,No,4,0,38.9
3,77,Yes,5,1,54.5
1,93,No,6,7,68.6
7,65,Yes,6,9,58.5
5,79,No,8,5,65.7
5,77,No,4,0,61.5
1,77,Yes,7,8,58.6
9,43,No,8,6,41.5
7,46,No,8,9,38.7
8,69,No,8,2,64.8
9,69,No,5,6,72.5
6,95,No,5,5,84.0
5,58,No,8,2,45.5
6,78,No,9,7,70.4
2,74,Yes,7,0,54.7
4,79,Yes,6,4,63.5
3,72,Yes,6,7,54.6
7,72,Yes,4,2,61.4
9,53,Yes,6,9,49.4
5,77,No,6,5,60.4
6,49,Yes,7,9,41.7
2,96,Yes,6,1,76.4
3,67,No,7,8,47.0
3,53,Yes,5,1,32.6
9,75,No,7,4,71.0
7,77,No,5,2,69.5
8,55,Yes,7,9,54.8
9,99,Yes,8,8,100.0
6,60,No,9,8,52.2
4,67,No,5,6,48.5
1,72,Yes,5,9,46.4
8,45,No,6,4,41.1
7,80,Yes,5,8,69.4
2,54,Yes,7,6,36.4
8,83,Yes,8,1,75.9
5,42,Yes,8,9,33.3
7,82,No,6,0,71.6
4,86,No,7,9,70.6
5,74,Yes,7,9,58.7
8,53,Yes,4,3,42.2
1,41,No,5,9,20.8
1,68,No,6,7,43.9
4,43,No,8,5,26.8
3,65,No,9,1,49.5
2,90,No,4,4,67.6
3,51,Yes,7,8,32.2
1,41,Yes,5,5,15.4
1,56,Yes,8,5,35.2
6,74,Yes,4,6,63.0
5,49,No,7,4,34.4
8,87,No,8,2,84.0
2,61,Yes,8,2,41.6
4,80,Yes,7,4,65.8
8,82,No,7,3,80.2
6,60,Yes,6,4,45.5
1,54,Yes,8,8,33.4
4,74,No,7,4,56.5
1,87,No,9,3,67.3
2,60,No,9,3,41.1
5,60,Yes,4,0,45.2
8,60,No,5,9,54.1
8,99,No,9,3,98.8
3,83,Yes,6,3,66.0
4,71,No,7,8,58.4
6,94,Yes,5,3,79.3
3,44,Yes,6,6,27.2
2,78,Yes,8,0,57.6
6,48,Yes,5,6,38.2
5,92,No,9,1,80.6
5,57,Yes,6,7,46.2
5,60,No,7,0,46.2
5,47,No,7,9,35.4
3,83,No,6,2,69.1
7,91,No,8,7,81.9
6,73,No,9,9,66.1
4,49,Yes,6,7,34.0
2,90,No,4,4,64.8
9,80,Yes,6,4,79.2
1,96,Yes,6,7,69.5
4,63,Yes,9,9,50.1
1,79,No,7,4,52.5
6,63,No,8,8,52.7
4,95,No,6,0,81.0
5,71,No,5,4,53.1
5,95,Yes,7,2,82.4
9,72,No,7,2,67.3
1,77,No,6,1,49.4
2,83,Yes,9,2,65.0
6,96,Yes,5,6,84.2
5,95,Yes,6,7,80.7
7,90,Yes,5,7,77.6
3,98,Yes,7,7,81.3
3,88,Yes,5,0,71.7
2,73,Yes,6,6,51.9
3,50,No,4,1,28.7
1,70,No,4,9,46.3
5,57,Yes,5,3,45.9
5,62,Yes,9,4,48.4
7,99,No,6,0,91.0
4,61,Yes,8,3,48.0
3,82,Yes,4,3,58.8
1,57,Yes,7,8,35.0
8,79,Yes,6,8,74.1
3,86,Yes,6,9,66.2
2,80,No,4,0,52.7
4,86,Yes,8,7,73.3
3,78,Yes,7,3,60.6
1,59,Yes,8,3,32.1
3,52,No,7,4,34.3
2,84,No,4,1,56.6
8,40,Yes,6,0,32.1
6,91,Yes,7,4,78.1
9,43,Yes,6,6,42.3
8,63,Yes,5,9,59.9
3,75,No,5,8,55.3
5,75,No,4,1,60.4
7,84,Yes,4,7,75.1
5,41,Yes,9,6,30.2
8,67,No,4,1,61.1
5,65,No,5,4,51.5
1,62,Yes,7,6,36.5
5,54,Yes,8,2,44.4
4,75,Yes,4,1,62.3
6,66,No,8,5,56.8
3,45,No,8,9,25.3
5,74,No,5,5,64.5
2,78,No,9,3,56.1
6,77,Yes,7,0,66.2
6,74,No,5,4,64.9
5,75,No,4,0,56.6
6,49,No,5,7,39.0
7,69,Yes,5,1,59.1
5,92,No,5,8,81.2
1,80,No,4,8,56.9
8,77,No,4,2,69.0
4,68,Yes,5,5,53.6
9,91,No,5,8,87.3
6,98,Yes,8,6,90.6
1,82,Yes,7,3,57.8
3,78,No,8,2,62.4
3,89,Yes,9,1,74.2
4,43,No,7,9,31.7
6,44,Yes,9,9,34.8
7,43,Yes,7,0,33.6
4,75,No,5,9,59.3
6,98,No,8,0,87.0
1,84,Yes,7,3,60.1
8,55,Yes,9,3,52.9
7,64,Yes,7,8,56.7
9,53,Yes,4,9,49.2
3,50,No,7,0,30.5
2,68,Yes,5,3,43.7
1,73,Yes,6,2,51.2
3,61,No,4,8,43.8
5,53,Yes,6,4,39.9
2,95,No,5,8,72.8
3,63,No,6,9,40.9
4,98,No,7,5,77.7
7,78,Yes,6,8,71.9
3,65,No,8,0,43.6
9,82,No,5,3,78.5
8,75,No,8,3,69.8
4,78,Yes,6,9,64.5
1,55,Yes,8,9,34.5
1,97,Yes,4,5,72.8
1,77,Yes,6,9,50.8
1,98,No,9,0,74.9
8,71,No,8,9,70.9
3,45,No,7,4,23.1
6,73,Yes,6,2,62.3
3,95,No,9,0,79.5
5,47,Yes,4,5,28.8
7,69,Yes,7,2,60.6
2,66,Yes,6,3,46.5
6,46,No,7,8,40.3
6,66,No,6,1,54.2
3,64,Yes,6,0,42.7
6,95,No,5,9,84.1
5,85,Yes,8,5,69.3
2,80,No,6,0,58.7
9,54,Yes,4,0,52.8
8,64,Yes,9,6,67.8
3,61,Yes,8,1,41.6
8,57,No,5,3,45.7
9,51,No,8,3,47.0
3,62,No,8,1,43.4
3,90,No,6,5,73.7
2,84,No,4,9,61.6
8,78,Yes,6,1,75.3
1,64,No,4,7,38.8
8,49,Yes,4,3,42.0
7,69,No,7,0,60.5
7,49,No,6,6,37.2
3,73,No,5,5,52.5
1,85,Yes,9,5,62.2
4,52,No,8,2,33.0
9,93,Yes,7,9,95.7
5,68,No,5,6,55.1
1,77,Yes,9,5,56.7
5,80,Yes,9,9,72.1
8,84,Yes,6,9,77.4
8,48,Yes,4,8,42.8
5,52,No,6,2,33.3
9,76,No,9,2,76.8
1,53,Yes,6,3,29.4
4,76,No,7,2,60.4
3,48,Yes,5,3,27.6
2,47,No,9,5,29.0
8,78,No,7,0,71.3
7,79,No,5,1,66.2
9,93,Yes,7,9,95.1
2,42,No,8,5,23.0
4,94,Yes,4,5,75.1
6,95,No,4,0,81.7
3,86,Yes,4,5,68.1
8,79,No,8,8,80.3
3,72,Yes,9,7,57.1
2,71,Yes,9,9,56.9
3,46,Yes,8,4,28.1
6,58,No,4,3,47.7
2,73,Yes,4,5,48.7
8,53,No,5,4,47.8
1,89,Yes,5,5,63.9
7,86,Yes,6,9,82.5
2,85,Yes,7,2,65.3
6,95,No,5,6,79.6
2,96,No,5,7,75.9
2,58,No,5,4,33.1
8,90,No,5,4,85.4
2,93,No,8,3,71.1
7,98,No,6,9,89.3
3,65,No,5,4,42.1
8,56,Yes,9,9,51.9
7,93,Yes,7,7,86.7
8,67,No,5,4,63.6
7,58,No,8,8,49.7
6,66,No,9,0,59.6
7,87,No,4,6,77.6
5,91,No,4,4,75.9
7,96,Yes,6,3,84.4
1,58,No,4,2,30.1
1,72,No,5,9,49.0
9,90,No,8,6,89.8
5,46,Yes,6,1,36.3
5,68,Yes,9,4,57.1
3,94,Yes,5,1,76.9
5,82,Yes,4,6,66.0
3,44,No,7,5,25.7
9,69,Yes,5,9,68.3
9,88,Yes,7,6,86.0
6,82,Yes,9,8,75.0
1,95,Yes,7,1,70.6
7,97,Yes,9,8,94.2
7,47,No,6,6,40.6
4,81,Yes,8,1,67.0
8,51,Yes,4,9,42.3
6,81,Yes,4,1,68.8
4,52,No,5,3,34.4
4,65,No,4,1,45.7
2,57,No,6,0,33.5
2,81,No,4,5,61.1
4,90,No,5,9,70.5
5,91,No,4,4,76.1
8,88,No,8,2,83.3
6,59,No,9,0,49.9
4,55,Yes,7,8,42.6
7,76,Yes,7,7,66.5
8,42,No,9,5,38.9
2,66,Yes,7,5,49.3
7,54,No,8,3,41.7
2,97,Yes,6,1,77.1
2,73,Yes,5,3,54.3
8,84,No,8,1,82.4
2,61,Yes,5,6,39.2
9,79,No,6,8,77.5
1,62,No,8,1,38.7
9,98,Yes,4,8,96.7
1,88,No,6,8,67.7
2,43,Yes,7,7,20.8
6,90,Yes,8,0,80.5
6,93,No,6,4,83.0
1,96,No,6,9,73.6
7,80,No,8,3,74.1
8,62,No,7,6,58.0
2,86,No,9,7,65.7
8,99,Yes,7,9,99.4
9,48,No,6,7,43.7
6,63,Yes,5,1,46.3
5,60,No,9,2,47.2
9,80,Yes,9,9,79.0
9,85,Yes,6,9,83.2
1,94,Yes,8,6,73.2
3,92,Yes,8,3,75.1
9,55,Yes,8,5,56.4
2,95,No,7,7,74.9
4,94,Yes,4,7,73.8
4,64,No,8,6,52.5
2,65,Yes,8,1,44.5
3,88,No,9,1,69.7
3,84,Yes,5,2,63.5
1,48,Yes,5,3,21.2
6,54,No,6,0,42.3
8,78,No,6,4,72.9
3,72,Yes,6,6,58.9
5,40,Yes,8,9,24.6
1,44,No,5,4,14.9
7,95,Yes,6,6,88.9
1,48,Yes,5,4,23.8
9,83,No,8,9,81.5
8,45,Yes,9,7,41.3
7,67,Yes,8,6,62.5
7,84,No,6,0,73.7
5,65,Yes,8,0,55.3
5,67,No,8,4,53.6
5,79,No,5,1,64.2
1,54,Yes,4,8,33.1
8,45,Yes,7,1,39.1
1,66,No,6,8,42.8
4,77,No,4,9,57.3
9,43,Yes,9,1,41.1
9,50,No,6,3,44.2
5,60,Yes,4,2,44.0
4,69,No,8,5,54.8
3,57,No,6,3,39.6
3,74,No,4,8,52.5
5,42,Yes,7,8,34.2
1,51,No,8,9,24.5
5,66,No,6,8,53.5
6,92,No,9,2,85.5
7,69,No,9,2,65.0
9,60,Yes,6,3,57.8
3,77,No,4,8,59.1
2,60,Yes,6,5,40.0
3,99,No,8,8,81.7
9,77,No,5,7,70.8
7,79,Yes,9,6,75.8
9,54,Yes,4,4,50.6
2,57,No,7,8,38.8
5,91,No,6,3,77.0
4,68,No,8,3,52.2
2,87,Yes,6,7,65.6
9,77,No,7,3,76.9
9,99,Yes,8,6,98.6
6,60,No,7,3,45.9
6,56,Yes,8,0,49.0
8,80,Yes,5,9,73.3
6,90,Yes,9,8,81.6
1,57,No,8,3,34.3
4,96,No,7,2,80.6
7,94,Yes,4,2,86.9
2,76,Yes,9,8,60.5
9,99,Yes,5,7,98.9
8,77,No,6,9,70.4
8,51,No,5,6,49.2
7,50,No,5,6,42.6
4,87,Yes,6,3,77.1
2,91,No,8,2,72.2
3,88,No,5,3,69.2
6,59,No,9,5,48.7
5,48,Yes,5,3,30.2
8,40,No,4,3,30.7
6,97,No,9,1,89.1
6,42,No,4,6,27.8
1,60,No,9,5,37.6
4,62,No,7,1,43.4
5,48,Yes,6,4,35.5
3,93,Yes,9,5,77.8
9,58,Yes,9,4,60.9
1,84,Yes,8,3,64.7
6,94,No,8,8,89.6
6,85,No,7,2,72.4
5,91,Yes,8,1,79.4
5,58,Yes,8,8,48.1
5,62,Yes,4,7,47.9
6,66,No,8,8,60.6
8,66,No,8,9,65.1
2,78,No,7,2,58.0
6,75,Yes,7,0,62.7
1,51,Yes,5,0,24.7
4,94,Yes,8,2,77.9
3,66,No,8,3,49.5
9,85,No,9,1,82.8
3,73,Yes,8,7,62.3
6,72,Yes,4,2,59.8
1,67,No,9,3,43.1
6,70,No,8,5,61.8
4,71,Yes,4,9,51.4
8,89,Yes,5,5,82.1
9,59,No,9,1,58.4
4,79,Yes,6,5,64.7
6,74,Yes,8,3,61.9
1,70,No,9,4,49.4
4,97,Yes,7,6,82.3
7,70,No,9,6,66.2
1,77,Yes,7,5,55.6
8,61,No,8,9,55.1
6,84,Yes,4,5,74.0
5,80,Yes,7,5,67.5
9,48,Yes,9,3,47.8
2,91,No,9,2,72.0
5,48,Yes,7,0,35.5
6,54,Yes,5,2,41.6
7,52,No,5,2,43.7
5,61,Yes,5,8,46.7
9,55,No,7,2,47.4
1,71,No,7,7,47.1
7,41,No,9,7,39.1
7,65,Yes,8,2,54.9
4,53,No,8,9,39.3
9,98,Yes,4,9,97.2
5,77,No,7,5,63.9
4,73,Yes,8,7,58.7
7,47,No,8,7,39.3
4,75,No,5,9,62.2
3,60,Yes,5,9,41.1
9,95,No,5,8,90.4
8,85,Yes,6,8,83.5
1,82,No,8,7,59.7
7,95,Yes,5,6,92.0
9,67,No,5,9,64.2
8,85,No,7,2,77.3
8,83,Yes,9,6,81.7
6,87,No,5,3,73.4
4,45,Yes,7,1,26.1
8,59,Yes,4,7,50.8
3,70,No,5,1,50.0
9,72,No,9,0,68.5
2,83,No,7,4,57.9
2,46,Yes,9,9,31.6
7,47,Yes,5,8,38.6
4,48,No,4,4,29.5
8,41,Yes,5,1,34.5
9,56,No,7,9,57.8
7,91,No,4,3,84.9
5,84,No,4,7,70.1
8,76,Yes,4,6,71.1
4,81,Yes,6,4,63.3
2,83,No,7,3,60.8
6,56,Yes,6,4,46.3
9,92,No,9,6,93.9
1,77,No,4,4,49.8
7,74,Yes,6,7,68.7
9,99,No,5,6,97.6
9,86,No,6,6,84.3
3,78,No,8,8,59.2
5,69,No,9,7,57.4
8,45,No,4,7,36.1
8,43,Yes,4,5,35.4
4,90,Yes,9,6,75.2
1,76,No,9,7,55.0
1,74,Yes,7,4,51.2
4,97,No,5,9,82.5
6,96,No,9,1,87.6
8,48,No,9,6,48.0
6,45,No,7,9,34.0
9,52,Yes,9,2,58.2
9,98,Yes,6,9,93.8
2,61,No,8,7,43.2
1,67,Yes,8,5,42.7
2,69,No,8,3,49.8
5,91,Yes,9,1,80.4
4,75,No,8,6,63.5
4,41,No,5,0,21.6
9,97,No,6,6,95.5
8,75,Yes,8,9,73.8
6,47,Yes,4,9,35.9
1,84,No,9,6,59.8
2,81,Yes,6,9,59.5
6,89,Yes,5,2,78.7
2,48,Yes,8,3,23.0
5,40,Yes,5,3,25.7
5,52,Yes,9,3,45.1
6,89,Yes,8,8,79.7
6,54,Yes,4,5,40.7
6,71,Yes,6,9,61.2
2,73,Yes,4,8,48.5
3,82,Yes,8,3,66.1
6,70,Yes,7,6,63.8
8,53,Yes,6,9,51.2
1,93,Yes,5,8,72.0
1,86,No,8,9,67.6
2,53,No,4,2,29.9
6,87,Yes,9,2,80.6
9,94,Yes,7,5,93.8
4,68,Yes,9,7,57.9
3,86,No,8,0,70.5
8,58,No,5,3,49.8
9,66,Yes,4,7,65.1
5,48,Yes,6,5,31.0
9,76,Yes,7,1,75.7
2,76,Yes,8,7,60.3
3,82,Yes,8,0,62.4
7,67,No,8,0,56.7
7,91,Yes,8,6,88.7
6,96,No,4,9,83.9
6,63,Yes,6,2,46.8
2,67,Yes,5,7,40.9
6,75,No,7,8,64.5
4,91,No,8,7,78.0
3,57,Yes,9,0,41.2
2,64,No,8,0,43.3
1,74,Yes,6,5,51.4
5,43,No,6,0,31.1
2,53,No,4,7,31.5
2,78,Yes,4,5,56.9
7,65,Yes,9,4,60.2
8,47,No,9,5,42.8
8,63,Yes,4,3,58.1
4,55,No,7,0,46.4
1,59,No,9,6,36.7
7,54,Yes,4,9,46.1
1,46,No,8,8,27.7
4,97,Yes,4,3,81.0
8,56,Yes,7,3,53.1
2,61,No,4,8,36.9
6,61,Yes,4,3,50.1
6,93,No,8,9,85.3
9,51,No,9,3,52.3
5,57,Yes,8,7,49.2
4,95,Yes,8,3,84.8
5,85,No,4,8,70.4
5,86,Yes,8,7,77.1
8,54,No,6,4,51.0
8,76,No,5,8,72.4
2,55,No,5,7,30.3
7,44,No,8,9,37.2
8,41,No,9,3,37.1
6,91,Yes,7,3,86.1
5,67,No,8,0,53.2
9,96,No,9,3,95.4
3,80,No,8,7,61.5
4,93,No,4,4,79.4
9,66,No,9,5,64.7
6,70,No,7,3,58.7
8,80,Yes,8,4,77.2
7,75,Yes,6,9,71.9
2,86,No,9,7,66.6
3,82,No,5,8,65.2
1,40,No,9,2,10.8
9,89,Yes,6,9,92.9
7,68,No,6,3,59.9
1,40,No,6,0,16.6
3,47,No,7,4,23.4
4,96,No,7,3,80.9
4,55,No,9,5,36.9
5,97,No,7,5,82.2
3,67,Yes,5,9,49.9
3,61,No,4,5,40.5
1,57,No,9,2,39.0
7,61,No,8,6,53.5
1,80,No,8,2,56.3
2,51,No,9,5,31.4
4,58,No,4,9,37.8
4,64,No,8,0,47.2
5,89,No,9,7,80.2
2,98,No,9,6,80.3
4,44,Yes,6,8,24.9
1,98,Yes,5,2,73.2
2,73,Yes,8,7,56.7
1,78,No,5,1,51.9
4,98,Yes,9,8,86.3
4,49,Yes,4,0,33.0
7,86,Yes,9,9,86.8
9,96,Yes,8,6,96.6
9,46,No,5,9,42.7
5,99,Yes,6,0,83.8
1,76,Yes,6,5,57.0
1,86,No,9,0,63.5
6,91,Yes,4,3,78.2
2,99,No,7,6,82.1
8,91,Yes,8,1,88.5
9,54,Yes,9,2,54.7
4,81,Yes,6,3,65.7
5,63,No,6,5,48.9
8,65,Yes,4,8,62.7
3,65,Yes,6,3,42.6
5,85,No,8,5,77.1
3,65,Yes,4,6,42.7
3,97,Yes,5,3,79.8
3,49,Yes,4,5,29.1
7,56,Yes,8,2,44.7
7,92,Yes,8,4,86.9
7,53,No,5,9,40.0
8,41,No,9,3,37.8
5,87,No,4,6,72.7
5,52,Yes,8,5,36.6
4,66,Yes,8,6,52.4
7,48,Yes,5,5,38.5
4,46,Yes,7,1,31.0
2,87,Yes,4,6,60.4
4,49,No,8,7,31.1
8,95,No,6,6,89.6
9,93,No,5,3,89.9
3,48,Yes,7,3,29.8
7,61,No,7,4,53.0
9,62,No,5,8,60.2
4,46,No,7,4,26.6
3,87,No,8,1,74.6
5,48,Yes,7,4,35.1
1,66,Yes,4,2,40.3
3,63,No,6,9,44.8
8,68,No,8,7,66.5
8,56,No,5,9,49.5
4,59,No,6,9,45.2
2,46,No,9,1,23.8
8,82,No,8,3,81.7
8,79,No,6,4,72.5
4,46,No,7,3,26.9
3,67,No,9,4,50.9
2,58,Yes,5,9,32.0
9,59,No,5,3,55.3
1,83,Yes,4,2,52.4
7,78,Yes,7,0,69.7
5,79,No,4,3,66.6
8,46,No,4,8,37.8
4,45,Yes,7,0,28.0
7,64,Yes,8,6,58.5
5,80,No,9,2,66.9
5,98,Yes,4,7,86.7
9,52,No,6,5,51.0
9,78,No,9,0,78.7
9,79,Yes,8,9,79.4
6,61,No,7,4,49.4
6,88,Yes,5,7,76.7
5,56,No,8,2,43.7
9,87,No,4,3,83.2
8,61,Yes,6,6,54.6
7,73,Yes,9,5,70.1
7,47,No,7,6,39.9
6,88,No,5,8,78.5
5,84,Yes,9,8,77.4
4,57,No,6,1,41.7
3,63,Yes,5,2,44.8
3,99,Yes,7,3,74.3
6,93,Yes,9,5,87.0
4,99,No,8,4,89.4
6,81,Yes,4,5,72.6
3,41,No,7,7,26.1
4,41,Yes,6,1,24.7
9,66,No,8,5,64.7
5,53,No,9,8,39.2
7,87,Yes,5,4,74.3
2,78,Yes,8,0,57.6
5,92,Yes,8,7,79.2
9,92,No,6,3,88.3
3,95,No,4,7,76.6
9,51,No,8,3,49.5
6,71,Yes,8,7,61.4
4,67,Yes,4,8,46.6
7,94,Yes,4,4,83.7
8,67,Yes,5,4,58.9
6,85,Yes,9,1,77.6
5,64,No,5,8,48.5
6,43,Yes,4,3,30.7
5,65,No,7,2,49.9
8,75,Yes,4,1,71.3
1,89,Yes,5,2,71.2
7,42,Yes,6,3,35.4
2,40,Yes,6,8,20.4
9,56,Yes,9,5,55.7
1,46,No,8,9,19.3
6,87,Yes,6,4,76.6
9,44,No,5,8,41.8
1,58,No,6,7,33.8
4,78,No,7,5,59.8
4,85,No,4,2,66.5
9,73,Yes,4,6,70.0
5,74,Yes,5,9,63.1
5,88,Yes,8,5,77.6
6,55,Yes,4,7,41.2
1,79,Yes,6,5,51.6
1,89,No,7,9,69.8
9,86,Yes,8,3,88.2
3,78,Yes,8,9,61.4
4,66,No,8,6,49.4
1,80,Yes,4,6,56.0
9,77,Yes,9,7,75.0
8,89,No,8,1,89.2
2,89,Yes,5,5,66.8
8,64,No,6,2,56.2
7,65,No,9,7,62.8
6,95,Yes,7,3,85.5
1,53,No,6,3,28.6
7,53,Yes,5,1,43.1
7,53,Yes,5,5,46.0
9,64,Yes,9,5,66.0
1,75,No,6,0,49.6
2,43,No,4,7,15.9
9,86,No,5,2,79.4
9,54,No,8,0,52.6
6,71,No,7,9,65.5
6,57,No,7,0,42.7
4,53,No,5,0,33.4
4,97,No,8,4,86.4
5,40,No,6,4,27.5
3,81,No,7,0,62.5
1,59,No,8,4,35.8
1,49,Yes,8,6,29.7
7,49,No,4,4,36.5
1,98,Yes,5,8,73.5
1,63,Yes,8,3,38.6
3,73,Yes,6,8,56.0
4,67,Yes,7,7,48.4
4,66,No,4,0,47.2
2,79,Yes,6,3,55.6
1,40,Yes,7,6,12.8
3,72,Yes,5,0,46.1
4,43,No,6,7,25.2
3,46,Yes,7,1,25.6
8,48,Yes,4,7,40.5
1,55,No,7,3,32.6
2,44,No,8,7,22.7
7,73,No,4,0,60.3
4,99,No,6,4,82.2
8,62,No,9,8,64.5
3,82,No,5,6,61.5
6,89,No,4,2,74.4
9,64,No,4,3,60.2
1,96,No,4,9,66.5
1,90,Yes,7,6,66.8
8,52,No,8,5,44.8
3,63,Yes,9,3,46.9
5,50,Yes,5,2,33.5
1,91,No,5,1,63.9
5,90,No,8,9,78.3
6,56,No,7,8,45.0
8,76,No,7,2,71.7
3,52,Yes,8,6,38.1
3,66,Yes,8,0,50.7
9,59,No,6,7,49.5
4,72,Yes,7,0,55.2
4,81,No,4,1,59.8
7,71,Yes,5,0,59.8
2,47,Yes,7,3,28.0
8,95,No,8,1,96.1
6,68,No,4,0,53.9
3,79,Yes,6,0,58.8
9,58,No,9,1,56.4
5,45,Yes,6,5,26.3
8,83,No,4,1,74.4
7,99,No,4,1,88.8
8,78,No,8,7,73.2
7,87,No,9,4,85.8
3,80,No,8,7,62.2
2,60,No,5,7,39.1
7,96,No,9,1,91.8
3,61,Yes,9,6,51.5
3,81,No,5,8,60.0
2,49,Yes,6,7,29.2
4,49,No,4,8,30.1
8,91,Yes,6,7,87.2
1,68,No,8,3,46.2
1,55,No,7,9,32.9
5,40,Yes,8,6,29.8
5,56,No,7,8,42.9
1,69,No,4,8,43.9
6,65,No,4,3,51.2
1,92,No,9,6,71.2
5,85,No,4,5,72.3
9,58,Yes,5,2,56.2
5,92,No,5,9,80.0
6,60,Yes,7,5,50.3
8,56,Yes,6,7,52.1
1,85,Yes,9,1,65.1
2,79,Yes,6,2,61.4
9,60,Yes,7,7,59.5
3,92,Yes,5,3,72.6
6,80,Yes,8,3,71.7
5,79,Yes,9,1,71.1
2,84,No,7,9,65.1
7,88,Yes,6,0,79.1
4,58,No,7,6,45.1
1,99,Yes,7,3,80.1
4,46,Yes,4,5,25.6
6,56,No,5,7,45.4
7,40,Yes,9,6,37.0
7,76,No,4,6,62.4
7,96,Yes,5,5,89.3
3,45,No,7,3,22.3
6,65,No,5,3,52.3
8,41,Yes,6,8,35.0
4,98,Yes,9,4,85.9
8,71,Yes,4,8,69.7
2,96,Yes,9,8,77.1
9,87,No,7,3,91.0
9,93,No,6,1,88.5
8,44,No,5,1,31.6
1,76,No,5,8,52.3
2,70,No,6,8,52.1
6,51,No,5,2,38.6
5,74,No,4,4,57.9
9,69,Yes,8,4,64.8
5,87,Yes,5,1,70.9
2,45,Yes,7,1,21.8
4,54,Yes,5,9,38.4
9,54,Yes,9,0,53.6
1,55,Yes,7,1,29.3
1,59,Yes,5,6,33.5
7,52,Yes,5,0,43.4
3,83,No,7,0,64.7
2,81,Yes,4,8,58.0
9,85,Yes,8,1,84.4
3,70,Yes,8,3,50.8
2,73,No,4,2,51.1
8,68,Yes,5,3,62.5
6,42,No,8,6,31.3
6,48,No,4,9,38.0
7,50,Yes,4,1,40.8
7,50,No,8,1,41.8
6,64,Yes,7,8,55.1
4,61,Yes,6,5,45.7
9,81,Yes,7,6,81.4
6,97,No,5,4,83.7
4,85,Yes,7,4,65.4
3,48,Yes,9,3,26.2
4,59,Yes,6,7,42.7
3,98,No,6,6,78.0
2,60,No,4,9,33.7
5,49,No,9,1,41.6
2,61,No,5,1,39.3
6,68,Yes,4,5,57.8
3,48,Yes,7,0,28.8
6,44,No,7,6,30.7
9,79,Yes,8,7,81.3
1,50,No,4,9,26.3
6,40,Yes,9,7,33.3
9,92,Yes,4,2,86.3
4,81,No,4,6,67.4
2,40,No,4,0,11.8
4,97,Yes,6,2,78.5
1,93,No,8,5,72.9
3,78,Yes,5,8,58.9
9,99,Yes,5,4,99.4
5,85,Yes,5,4,71.1
6,44,Yes,6,8,37.0
3,88,No,8,8,72.0
5,61,Yes,9,5,49.8
8,65,Yes,8,4,62.7
6,92,Yes,6,9,83.0
4,45,No,9,1,28.4
2,71,Yes,4,7,49.3
9,87,No,7,7,87.7
1,50,No,4,6,18.7
1,49,No,5,7,23.6
4,86,No,4,2,62.1
7,78,No,6,2,74.4
1,94,No,5,1,68.1
9,73,No,7,0,73.6
4,70,Yes,9,2,54.1
3,51,Yes,9,2,35.7
1,90,No,5,6,69.1
4,83,No,4,9,66.6
9,55,No,8,8,52.5
6,77,Yes,8,0,68.1
6,42,No,9,7,30.4
1,41,Yes,8,0,16.2
2,91,Yes,5,2,65.5
6,44,No,8,3,33.1
2,50,Yes,6,7,25.1
3,97,No,9,0,77.0
4,64,No,7,1,48.5
5,74,No,8,4,64.6
9,74,Yes,6,5,69.9
4,61,No,6,4,44.5
9,76,Yes,5,2,71.9
3,61,No,9,9,44.9
8,94,No,5,6,85.9
1,50,No,7,0,25.0
9,71,No,7,1,68.9
9,74,No,4,8,69.8
2,70,Yes,7,3,49.1
4,84,No,9,7,64.0
8,92,No,9,8,89.8
7,47,No,5,6,37.9
1,59,Yes,6,0,36.6
5,81,No,4,4,66.2
7,73,No,7,5,66.5
4,43,No,6,7,27.8
1,57,No,5,9,35.2
9,90,Yes,8,7,91.3
5,43,No,4,8,27.7
2,59,Yes,9,8,37.9
8,97,Yes,6,3,92.2
2,48,Yes,5,5,25.7
3,55,Yes,5,2,29.1
1,65,No,4,0,36.7
2,77,No,4,5,52.8
7,64,Yes,7,0,57.9
2,43,Yes,7,8,26.6
6,80,Yes,9,5,75.7
3,98,No,9,0,81.9
4,84,Yes,4,2,69.8
8,80,Yes,4,0,72.0
3,77,Yes,6,1,58.5
6,92,Yes,7,5,81.6
1,58,Yes,5,6,34.7
7,53,No,7,0,42.4
8,60,Yes,7,9,55.5
8,54,No,4,4,43.3
3,42,No,4,5,21.4
1,76,No,7,3,53.9
9,92,No,8,5,92.1
6,89,No,8,4,82.7
9,85,Yes,9,6,87.0
7,55,No,7,3,52.5
1,53,No,8,0,28.1
1,48,Yes,9,1,28.7
6,86,No,9,5,79.4
5,46,Yes,7,9,35.2
9,53,Yes,9,1,51.3
2,45,Yes,4,4,20.9
8,60,Yes,4,3,56.0
5,54,Yes,4,6,40.3
2,91,No,5,3,67.3
6,47,Yes,4,6,33.7
8,73,Yes,4,7,67.1
4,79,No,7,6,70.8
2,40,No,8,1,18.2
5,71,No,8,0,59.4
2,97,No,4,4,72.4
2,88,Yes,4,6,62.5
6,90,No,4,0,76.5
9,44,Yes,9,7,49.3
4,69,No,7,2,52.2
6,61,No,7,6,52.1
7,59,No,7,2,53.2
6,55,No,8,3,44.0
8,46,No,5,7,42.0
4,46,Yes,8,1,31.0
1,89,Yes,7,5,67.1
7,89,Yes,6,9,83.6
3,41,No,5,8,18.4
6,86,Yes,4,9,72.5
2,53,No,9,8,32.1
9,70,No,8,4,70.0
1,89,Yes,9,2,71.8
6,80,Yes,5,5,64.9
6,53,No,6,8,45.3
5,44,No,5,5,28.8
5,50,Yes,8,3,37.8
1,79,No,7,4,56.4
5,44,Yes,4,6,25.4
2,68,Yes,7,9,47.5
7,50,No,7,2,42.6
3,44,No,8,8,24.0
4,88,No,7,0,70.2
3,93,No,7,7,81.5
3,71,Yes,8,4,52.6
4,75,No,8,9,63.0
5,54,Yes,6,8,36.4
1,58,Yes,7,1,34.1
4,61,No,5,0,43.7
8,73,Yes,4,9,68.5
7,95,No,9,6,91.6
9,56,No,4,9,54.5
5,51,Yes,8,8,40.4
4,64,Yes,9,4,48.1
8,95,Yes,8,3,90.5
9,56,No,6,3,56.3
7,49,No,7,7,41.7
7,67,Yes,8,0,60.9
5,96,No,8,0,83.5
4,57,No,4,7,42.2
1,90,Yes,7,1,67.0
7,57,No,6,9,55.7
1,84,Yes,8,5,55.8
1,71,Yes,8,1,47.1
5,53,Yes,8,4,42.0
9,95,No,4,2,93.5
6,55,Yes,8,6,49.6
3,89,Yes,8,8,67.6
3,97,Yes,4,1,78.9
7,57,Yes,8,6,53.9
6,55,No,7,7,46.3
9,56,Yes,7,9,59.1
6,46,No,4,7,33.0
5,51,Yes,7,6,38.1
7,73,No,9,3,66.4
1,49,No,9,3,26.1
7,44,No,9,9,38.9
3,60,No,6,8,42.2
9,42,Yes,8,9,42.2
6,58,Yes,6,8,44.8
9,84,No,7,4,79.9
5,83,No,4,6,68.6
7,74,No,9,6,74.1
4,45,Yes,4,8,29.1
7,53,No,6,6,47.7
1,43,No,7,7,22.8
7,84,Yes,8,6,84.1
8,90,Yes,7,3,85.5
5,57,Yes,9,1,45.3
2,68,Yes,7,2,50.4
5,74,Yes,4,6,59.5
6,91,Yes,5,8,85.1
2,77,No,9,1,57.0
6,55,No,8,6,44.6
6,59,Yes,9,3,49.6
1,63,No,9,6,44.5
1,74,Yes,8,4,51.7
3,83,No,9,6,63.5
3,90,Yes,4,5,65.6
4,58,Yes,7,1,40.7
2,95,No,4,6,69.1
9,43,No,7,4,38.7
7,72,Yes,5,8,62.6
7,41,Yes,9,0,34.5
6,52,Yes,5,0,39.1
3,97,Yes,6,1,74.8
6,84,Yes,7,7,74.1
8,69,Yes,4,8,61.5
8,73,No,4,6,65.0
9,69,No,9,0,70.0
1,90,No,4,6,62.7
1,93,No,6,7,68.0
3,63,No,8,6,45.3
3,87,Yes,4,4,65.4
8,83,Yes,9,6,80.1
1,72,No,5,9,47.5
2,80,Yes,4,1,60.8
2,88,No,4,8,67.8
3,49,No,4,1,32.2
6,57,Yes,9,1,49.7
1,58,Yes,8,4,36.3
2,46,No,4,7,21.9
1,96,No,8,5,77.6
5,58,No,8,8,47.8
7,63,No,6,5,56.8
8,54,Yes,5,4,48.1
1,80,No,4,0,56.4
7,81,Yes,4,7,74.6
5,62,No,4,2,49.7
1,91,No,8,1,70.9
3,91,Yes,7,6,73.9
7,43,Yes,5,1,34.3
1,77,Yes,9,0,52.2
7,43,Yes,4,1,35.2
5,44,Yes,7,5,35.2
1,80,No,7,1,59.0
1,83,No,7,0,57.7
1,62,No,5,0,34.2
9,79,Yes,7,3,76.7
3,92,Yes,9,7,79.5
5,76,Yes,4,5,61.1
9,50,No,9,3,51.6
6,94,Yes,4,5,77.1
9,50,No,6,5,45.9
8,52,No,8,8,50.5
8,53,No,7,3,45.0
1,99,Yes,9,5,78.0
9,47,No,8,9,51.1
6,64,No,8,0,54.6
9,57,No,8,6,55.1
3,90,Yes,8,6,71.4
3,83,No,8,0,65.7
6,83,Yes,4,7,69.6
9,57,Yes,5,4,58.0
7,49,No,7,8,37.2
3,46,No,7,7,29.7
3,99,Yes,4,2,78.9
2,89,No,9,0,67.9
9,83,Yes,4,2,78.0
3,53,Yes,8,1,39.4
5,54,Yes,5,1,37.2
9,55,No,7,3,55.4
8,41,Yes,9,1,37.4
2,69,Yes,6,7,47.6
3,69,No,4,4,50.0
2,57,No,6,0,30.6
8,70,Yes,7,5,66.8
6,83,Yes,4,6,68.3
6,87,Yes,7,0,79.7
9,52,No,4,2,51.1
8,59,Yes,9,8,54.3
4,88,Yes,7,6,73.6
4,89,No,6,3,73.2
9,74,No,5,5,69.2
1,62,Yes,9,5,39.9
2,81,No,9,2,63.2
2,72,Yes,4,1,49.0
6,77,Yes,6,4,67.2
4,74,No,7,7,58.0
3,90,Yes,6,2,72.7
3,75,Yes,9,4,61.5
3,59,No,4,2,34.3
6,94,Yes,6,6,84.2
8,42,No,7,5,37.0
7,47,Yes,8,5,44.8
4,79,No,9,0,61.5
4,98,No,5,1,80.5
2,71,No,5,5,48.3
1,68,No,9,7,49.2
9,46,No,8,4,46.1
2,41,No,4,1,14.2
8,60,Yes,6,4,56.9
9,45,Yes,6,8,42.7
4,67,No,8,5,52.0
8,87,Yes,8,4,83.4
9,81,No,7,9,75.8
5,75,No,7,5,61.7
7,71,Yes,5,8,64.5
4,84,No,4,6,62.3
1,81,Yes,4,9,52.3
3,92,No,8,2,73.1
5,85,No,5,9,72.2
3,48,Yes,5,9,28.2
7,50,No,7,4,41.2
9,62,No,6,3,55.8
6,89,No,4,4,75.5
1,50,Yes,5,7,23.8
7,88,Yes,7,5,84.5
3,41,Yes,7,3,26.6
5,42,Yes,7,4,32.8
4,50,Yes,6,6,38.0
5,89,No,5,7,75.4
5,98,Yes,8,4,85.9
6,74,Yes,8,1,65.5
6,97,No,7,5,90.2
8,54,No,7,8,47.3
8,82,Yes,6,2,78.8
9,50,No,7,6,49.5
8,70,No,9,7,67.2
2,67,No,5,5,47.4
1,67,Yes,7,2,43.3
2,71,No,7,0,50.8
2,64,No,5,2,41.1
3,59,Yes,4,5,43.1
7,67,No,9,3,63.7
2,64,No,9,0,47.1
1,50,Yes,8,5,26.8
6,58,Yes,7,0,46.7
9,67,Yes,5,7,62.6
3,40,No,8,2,22.5
6,98,Yes,6,2,88.7
3,44,Yes,4,0,23.4
1,49,No,7,2,26.2
5,81,No,4,6,65.9
4,85,No,7,9,77.7
7,73,No,7,7,66.6
6,75,No,7,7,67.3
7,41,Yes,4,2,28.8
5,57,Yes,9,4,44.9
4,52,Yes,6,0,40.0
7,90,No,9,8,84.5
7,44,Yes,5,7,35.5
6,59,No,5,9,46.6
8,41,No,9,1,43.9
4,50,Yes,6,9,34.6
5,69,Yes,6,0,53.2
4,71,No,7,3,55.7
1,71,No,7,8,52.0
8,97,Yes,5,7,93.2
1,89,Yes,7,2,65.0
5,77,No,7,9,68.2
6,94,No,6,5,88.1
6,67,No,4,8,52.5
5,49,No,9,9,37.0
3,61,Yes,8,7,43.4
5,94,Yes,8,9,81.9
8,56,No,7,4,52.5
2,61,No,7,8,40.9
6,82,Yes,9,8,74.4
9,58,No,8,2,58.1
8,56,No,6,7,51.7
8,63,No,8,3,60.3
8,75,No,8,9,70.8
7,71,No,8,6,65.6
8,97,No,7,9,97.4
6,95,Yes,7,7,88.5
2,97,No,9,6,78.3
2,85,Yes,8,4,69.2
8,98,Yes,7,0,99.2
1,91,Yes,9,7,72.6
6,75,No,8,4,61.3
6,67,No,6,2,57.0
4,53,No,7,1,35.3
3,97,Yes,4,2,78.0
3,75,Yes,9,8,62.1
1,45,No,7,1,14.9
3,48,No,6,9,31.1
4,60,Yes,6,0,43.6
5,51,Yes,7,1,36.7
3,97,Yes,5,1,76.8
6,69,No,9,4,59.1
5,70,Yes,8,0,60.9
3,79,Yes,8,9,64.8
6,95,Yes,6,7,90.0
6,43,No,7,1,29.5
8,70,No,5,5,60.8
2,66,No,9,4,43.9
1,97,Yes,4,1,70.4
4,96,Yes,8,9,83.6
7,64,Yes,9,0,59.0
3,44,Yes,9,5,27.6
3,45,No,5,5,27.5
5,44,Yes,9,2,34.9
5,90,Yes,8,7,77.8
3,66,No,7,8,47.5
9,47,Yes,8,2,47.8
4,48,Yes,4,8,28.6
3,54,Yes,7,7,30.9
2,75,No,6,4,50.3
9,96,Yes,5,5,95.4
4,80,No,8,0,64.9
3,46,Yes,7,4,25.6
7,71,No,9,9,64.1
8,47,No,7,9,40.1
2,86,No,8,6,68.5
7,90,Yes,6,0,82.0
5,54,Yes,8,9,41.2
5,76,No,6,8,66.2
3,58,No,9,6,44.1
5,78,Yes,8,3,64.0
2,45,No,7,3,24.6
4,98,Yes,4,9,83.9
6,58,Yes,4,6,44.6
1,96,No,9,5,72.3
4,67,No,7,2,48.3
6,56,Yes,4,8,40.4
9,81,Yes,9,5,78.2
2,58,Yes,6,1,38.4
7,70,No,7,9,64.0
6,50,Yes,6,1,44.9
2,54,No,7,0,32.2
8,49,No,6,4,43.6
7,82,Yes,6,9,78.2
5,62,No,4,5,49.2
5,42,No,7,2,29.5
7,42,No,8,3,31.9
9,57,No,4,4,48.2
9,64,Yes,6,3,60.5
9,82,Yes,6,8,81.7
6,59,No,8,2,50.9
6,97,No,8,4,83.9
3,68,No,6,6,47.4
1,61,No,8,6,39.8
7,89,No,5,5,79.1
4,96,Yes,4,8,77.3
1,54,Yes,7,6,29.5
8,78,Yes,8,3,76.5
6,49,Yes,8,9,44.1
6,60,No,5,8,51.8
2,94,No,7,5,73.0
1,91,Yes,5,0,63.4
2,68,Yes,7,8,44.0
4,71,Yes,4,6,52.8
2,49,No,8,5,26.0
1,52,No,4,5,27.1
7,86,No,7,3,79.9
8,62,Yes,8,3,59.4
6,89,Yes,5,2,84.3
4,62,No,6,7,46.9
6,70,No,5,7,55.9
3,43,No,6,1,20.7
8,91,Yes,5,4,88.9
2,88,No,7,8,74.3
5,99,No,4,8,84.9
1,42,Yes,6,6,17.7
6,60,No,7,3,46.6
2,92,No,4,3,67.2
4,41,No,4,9,25.2
6,43,No,8,6,30.7
8,40,Yes,8,2,36.4
8,54,No,8,2,50.9
6,96,Yes,6,4,86.8
4,72,No,6,5,57.4
8,45,Yes,4,7,39.0
8,46,No,6,0,40.4
1,58,No,4,6,35.0
4,83,Yes,7,7,69.7
4,40,No,5,4,18.5
7,78,No,4,9,72.7
7,58,Yes,4,1,46.8
8,84,No,7,3,79.4
5,65,No,8,5,54.1
7,83,No,9,8,77.4
8,51,No,8,1,43.9
9,61,No,8,3,57.1
3,52,Yes,4,9,31.6
3,67,Yes,4,4,48.0
4,53,No,6,7,34.8
5,61,No,6,7,49.3
1,69,Yes,5,1,45.0
7,83,Yes,5,5,73.9
9,59,Yes,9,5,60.3
8,83,Yes,6,4,76.0
5,66,Yes,4,7,54.8
4,77,Yes,7,9,62.8
7,98,No,6,1,89.4
5,81,No,4,1,66.0
7,91,No,6,6,81.0
1,95,No,8,8,70.0
1,80,No,6,2,51.2
3,73,Yes,9,6,53.1
2,78,Yes,8,2,61.1
2,80,Yes,4,5,54.1
7,96,Yes,8,2,87.7
2,83,Yes,6,0,64.4
4,76,Yes,8,5,62.6
2,40,No,9,2,17.0
6,93,No,7,0,83.9
8,54,Yes,8,4,53.5
4,71,No,9,7,59.1
5,47,Yes,8,7,35.4
4,72,No,5,7,58.8
3,57,Yes,7,2,41.6
5,84,Yes,4,7,76.6
9,68,No,9,3,65.3
8,71,Yes,8,7,68.5
8,72,No,7,2,66.5
8,44,No,4,2,34.8
8,57,Yes,7,0,55.5
7,87,Yes,9,7,86.4
8,97,Yes,5,7,94.2
8,49,No,9,8,42.3
8,75,No,9,5,74.5
7,72,Yes,4,1,64.7
1,62,Yes,4,0,36.7
4,79,Yes,8,7,66.3
4,44,Yes,6,9,30.5
5,73,Yes,9,3,61.8
6,63,Yes,4,6,50.1
4,56,Yes,9,9,41.9
2,70,No,9,3,49.5
6,46,No,4,0,31.9
8,56,Yes,5,7,52.6
8,67,Yes,5,9,61.9
7,77,No,9,8,74.3
6,61,Yes,5,9,49.1
2,54,No,9,8,34.5
7,76,No,8,8,71.7
5,54,Yes,4,3,43.1
6,89,No,9,8,82.8
8,89,No,5,3,82.4
8,64,Yes,5,1,58.8
3,92,Yes,7,9,72.7
7,60,No,7,2,49.7
1,94,Yes,5,1,64.5
1,77,No,8,0,53.2
7,41,No,6,5,31.2
9,66,No,9,3,64.1
7,88,No,7,6,83.2
5,71,No,9,6,60.2
8,60,No,7,9,54.4
2,43,Yes,4,0,20.2
9,83,Yes,4,8,79.0
6,58,Yes,5,7,43.8
9,41,Yes,4,9,37.6
2,65,No,4,0,39.4
3,73,No,6,7,52.4
8,53,No,8,4,49.4
1,54,No,5,0,26.9
7,59,No,6,3,52.2
7,73,Yes,5,6,63.5
1,75,Yes,8,4,52.4
9,58,Yes,5,2,54.9
8,48,No,9,3,47.6
4,46,No,9,1,31.5
5,69,Yes,9,7,61.2
2,52,No,4,1,27.6
9,66,No,8,5,69.2
6,83,Yes,6,6,70.9
3,74,No,6,6,56.8
7,52,Yes,7,0,44.2
9,54,Yes,6,7,51.4
3,85,Yes,9,8,72.5
2,95,Yes,9,6,76.8
7,48,No,7,7,39.9
7,84,No,4,3,76.2
4,62,No,6,7,43.1
9,93,Yes,8,2,90.5
8,75,No,7,0,69.1
1,92,Yes,6,7,68.7
1,79,No,4,5,52.7
5,42,No,8,8,27.5
6,73,Yes,8,2,65.2
3,58,No,4,7,44.3
9,67,Yes,6,8,66.9
6,62,Yes,5,8,47.2
4,79,No,6,6,63.1
7,88,No,7,9,82.7
8,84,No,7,2,77.4
9,46,No,6,2,36.8
6,80,Yes,9,1,72.8
6,51,Yes,7,0,38.8
8,53,No,5,1,48.4
5,85,No,9,4,74.7
3,54,No,5,0,32.3
3,42,Yes,8,9,26.7
6,54,No,7,3,42.6
2,90,Yes,9,9,71.9
6,63,No,6,9,53.2
6,91,No,9,0,83.4
8,85,Yes,8,9,85.2
7,47,Yes,5,7,36.4
8,44,No,8,4,40.8
9,90,Yes,4,9,88.0
6,43,Yes,7,3,32.4
3,53,No,6,2,33.2
3,55,Yes,5,8,37.0
1,59,Yes,8,5,36.2
5,63,No,6,0,50.4
4,45,No,7,7,26.6
9,94,Yes,6,9,91.4
9,96,No,7,1,92.8
5,70,Yes,7,8,56.0
4,45,Yes,7,6,27.5
7,74,Yes,8,2,71.7
6,54,No,7,3,44.7
4,68,Yes,6,2,54.8
2,42,Yes,4,5,17.1
1,50,Yes,6,8,24.5
4,42,No,8,9,22.9
4,67,No,7,8,49.1
1,49,No,4,0,19.5
6,89,Yes,8,9,79.4
4,72,Yes,5,5,50.7
1,87,No,5,0,62.9
1,55,Yes,5,3,31.8
1,98,Yes,4,6,73.3
8,49,Yes,6,3,41.6
8,72,Yes,4,8,65.9
2,75,No,4,9,48.3
7,42,No,4,4,34.4
8,44,No,5,8,39.4
8,51,Yes,9,0,45.1
7,96,Yes,6,3,90.0
5,83,No,9,6,70.2
1,52,No,9,1,27.9
9,63,No,4,8,57.1
7,83,Yes,6,2,75.5
2,96,No,9,3,73.4
6,71,Yes,7,3,63.3
2,55,No,4,7,33.5
1,71,Yes,4,1,43.8
7,84,Yes,4,4,71.1
2,76,No,7,1,53.3
2,95,Yes,7,5,74.9
5,75,Yes,5,8,61.4
5,60,No,8,8,46.7
7,86,No,6,0,75.0
1,51,No,8,3,25.8
8,90,Yes,4,3,82.1
3,60,Yes,9,0,38.9
4,99,No,4,9,81.8
9,90,No,9,1,89.1
4,60,Yes,5,5,40.1
5,82,No,8,9,66.6
7,92,No,4,2,80.0
4,45,Yes,8,8,34.9
1,48,Yes,5,2,21.1
9,40,No,8,2,40.4
4,51,Yes,9,8,36.1
9,97,Yes,6,2,93.7
6,53,No,5,5,44.9
1,45,No,8,5,22.5
3,40,No,4,0,18.2
2,61,Yes,7,6,41.3
9,73,No,7,8,71.8
1,95,Yes,5,8,76.3
9,50,No,7,8,47.6
9,42,Yes,6,1,37.7
8,81,Yes,5,0,77.9
8,45,No,4,5,37.4
1,45,Yes,4,5,18.8
8,59,No,5,3,56.4
3,60,No,7,7,42.3
7,41,Yes,7,4,32.4
1,65,Yes,4,6,43.2
1,70,Yes,6,8,46.3
5,65,No,9,0,55.6
5,95,No,7,8,87.4
8,71,No,6,3,63.2
7,49,No,7,6,41.1
8,62,No,9,3,60.5
6,97,No,5,3,86.5
6,45,Yes,8,3,33.5
2,62,No,4,5,38.5
6,67,No,5,4,58.5
5,88,No,7,1,75.2
3,69,No,9,8,49.5
6,53,Yes,4,5,40.5
8,76,Yes,8,9,71.0
9,94,Yes,8,5,96.7
1,71,No,9,8,46.6
3,88,No,9,0,74.8
3,73,No,7,6,58.1
8,80,Yes,4,2,70.9
1,83,No,7,3,58.8
5,90,No,8,0,78.9
3,61,Yes,5,2,38.4
2,70,Yes,5,6,46.9
8,46,No,6,5,42.4
3,80,Yes,8,0,64.5
7,60,No,8,8,58.0
1,55,No,7,3,29.5
6,59,Yes,6,6,46.5
3,82,No,9,3,61.5
8,83,Yes,6,6,79.1
6,86,Yes,4,4,76.7
2,89,No,7,0,69.2
6,58,Yes,9,3,50.8
7,87,No,9,2,80.4
5,71,No,5,5,55.1
3,54,Yes,4,5,28.9
4,44,Yes,6,0,30.2
4,50,Yes,5,1,33.5
6,54,No,8,1,43.4
1,68,No,7,9,39.6
4,89,No,6,3,71.4
4,84,No,8,8,70.1
1,43,No,9,1,21.3
9,88,No,6,7,89.5
4,75,No,5,0,59.2
7,87,Yes,4,7,79.8
3,62,No,5,2,44.6
3,54,No,7,4,38.5
8,85,Yes,7,0,77.0
8,83,No,6,0,79.9
1,42,No,5,5,12.7
2,71,Yes,4,2,49.7
8,49,No,9,7,49.6
1,79,Yes,7,3,57.1
8,77,No,4,5,70.4
8,61,No,8,9,58.7
2,53,Yes,6,8,28.2
4,56,Yes,4,7,37.9
6,60,No,6,3,51.2
9,90,No,8,9,95.9
8,87,Yes,4,7,80.9
8,54,No,4,6,45.5
7,97,Yes,9,4,92.2
9,54,Yes,8,6,53.1
2,40,Yes,5,6,16.6
3,63,No,4,9,39.0
8,94,No,9,1,92.6
6,94,No,4,6,84.2
9,51,Yes,9,2,48.8
4,49,No,7,7,33.9
8,85,Yes,5,7,82.1
3,81,Yes,4,8,64.9
3,81,No,8,3,61.5
8,91,No,6,9,89.3
5,70,Yes,8,2,56.8
3,50,No,5,8,27.6
1,93,Yes,7,8,70.0
3,55,No,7,1,34.7
9,48,Yes,7,5,45.4
5,86,No,9,2,79.4
2,53,Yes,8,4,34.7
7,58,No,6,1,50.5
2,70,Yes,6,3,49.6
4,48,Yes,9,2,40.1
7,75,Yes,4,1,67.4
4,92,Yes,9,5,78.3
7,78,Yes,6,2,67.3
7,93,Yes,6,3,89.5
1,65,No,4,5,40.3
6,47,Yes,8,4,39.7
9,63,Yes,8,3,60.2
2,47,No,5,3,25.3
3,58,No,8,1,44.1
5,86,Yes,7,9,73.8
9,87,No,7,3,89.0
4,69,No,5,7,54.4
1,97,Yes,6,4,75.1
4,61,Yes,5,9,48.1
6,94,No,4,9,81.1
5,48,No,5,7,31.4
1,97,No,5,5,70.7
4,97,No,9,9,86.1
6,83,No,7,4,73.4
4,87,No,4,3,67.5
9,43,Yes,9,9,47.7
5,76,No,4,8,59.7
8,47,Yes,5,9,40.4
9,40,Yes,9,4,40.6
5,67,No,9,9,57.0
6,45,Yes,4,5,30.0
1,86,No,4,6,58.6
7,75,Yes,8,0,69.7
4,92,No,4,8,74.1
2,50,Yes,9,7,29.4
5,44,No,6,4,31.8
3,89,Yes,4,2,68.1
6,63,No,7,4,51.9
8,86,Yes,8,4,81.3
7,57,Yes,7,8,46.6
3,59,Yes,7,6,44.3
8,67,No,6,1,58.3
2,52,No,8,4,32.8
9,44,No,5,8,39.8
4,69,No,9,1,55.6
1,40,No,9,7,17.7
8,61,Yes,4,2,51.9
7,57,No,9,3,52.5
5,85,No,6,1,73.4
5,44,Yes,9,8,35.5
7,70,No,6,5,62.5
5,45,No,5,8,29.4
8,66,No,6,7,65.9
6,95,No,5,8,88.0
5,64,No,5,4,49.9
9,68,No,5,5,65.3
2,67,Yes,6,6,47.4
1,55,No,5,4,29.2
8,93,No,6,0,88.6
3,92,No,8,8,80.2
7,51,Yes,5,1,39.9
8,59,Yes,6,6,55.3
6,57,Yes,6,7,46.7
9,73,Yes,6,7,72.7
7,94,No,4,0,83.5
5,92,Yes,4,9,78.7
8,62,No,5,6,55.9
2,84,No,9,8,67.4
7,66,No,8,2,55.9
4,88,Yes,9,7,75.4
9,56,No,5,7,58.1
1,87,Yes,7,8,68.8
7,60,No,7,7,54.0
6,89,Yes,8,4,83.8
8,79,Yes,8,4,75.2
5,70,No,8,2,58.3
1,42,No,4,5,16.0
1,56,No,4,9,28.4
9,89,Yes,7,2,82.7
6,97,Yes,8,1,87.8
5,65,Yes,6,6,55.2
1,62,No,9,9,35.4
6,45,Yes,7,2,39.8
6,67,No,8,3,57.8
3,47,Yes,6,9,26.7
8,94,Yes,8,7,90.5
1,97,Yes,5,0,70.8
1,84,No,6,8,56.5
6,47,No,9,5,36.8
1,58,No,5,1,30.7
6,77,Yes,4,2,66.1
1,68,Yes,7,4,42.4
6,62,Yes,8,5,49.6
3,86,Yes,7,8,74.3
8,71,No,9,1,69.0
6,49,Yes,8,4,40.2
1,66,Yes,5,6,42.8
5,88,No,6,6,75.7
8,40,No,6,3,30.1
3,78,No,8,2,59.0
6,68,Yes,5,7,57.7
5,98,No,8,1,81.9
6,84,Yes,8,4,77.3
1,42,No,8,9,22.1
7,90,Yes,6,4,83.7
9,86,Yes,9,0,90.1
2,76,Yes,8,6,56.1
5,70,Yes,6,3,58.0
4,50,Yes,4,9,34.4
6,61,Yes,5,1,50.1
6,57,No,4,7,48.1
2,74,Yes,8,3,54.7
2,45,Yes,6,0,19.5
4,42,Yes,5,7,26.3
1,44,Yes,7,6,24.2
9,48,No,5,2,41.5
7,67,Yes,5,2,57.5
7,58,Yes,8,6,48.8
3,67,No,4,1,42.1
3,66,Yes,4,4,45.2
1,52,No,7,6,28.0
3,77,Yes,8,5,62.7
3,82,Yes,5,9,66.0
4,92,No,9,6,78.2
4,60,No,4,1,38.6
3,66,No,4,6,44.6
8,85,Yes,6,1,80.2
8,45,No,5,6,37.0
1,77,No,8,7,54.5
7,88,Yes,4,9,83.2
2,50,Yes,8,7,24.5
1,86,Yes,5,4,65.9
3,80,No,5,6,61.4
4,92,Yes,4,7,76.8
6,56,No,7,3,44.2
5,95,No,8,1,83.8
4,78,No,8,6,69.2
8,46,No,6,0,40.3
4,69,Yes,5,1,52.8
2,60,Yes,5,9,44.1
3,40,No,4,6,18.2
6,64,No,4,9,48.6
8,71,Yes,4,0,64.2
8,98,Yes,6,6,92.3
9,96,No,7,4,92.9
7,47,No,4,2,40.5
2,44,No,4,1,19.8
8,69,No,9,6,63.3
7,90,No,4,8,77.9
8,47,Yes,6,8,41.8
3,88,No,8,9,76.1
7,58,Yes,7,9,45.9
9,83,No,8,7,84.9
3,98,Yes,9,1,87.0
6,94,No,5,0,83.8
2,69,Yes,5,7,44.5
2,54,Yes,4,1,32.7
5,75,No,9,3,65.3
5,94,No,8,3,85.2
7,83,Yes,6,1,77.9
2,66,Yes,7,3,44.4
7,52,Yes,8,6,45.8
5,53,No,9,5,39.1
6,76,Yes,9,9,72.6
8,93,No,8,5,90.2
4,87,No,7,3,71.1
7,69,No,8,1,61.6
6,78,No,8,4,67.3
2,86,No,7,2,64.5
8,52,No,6,2,45.6
9,97,Yes,9,3,94.9
5,55,Yes,7,4,43.9
4,83,No,4,1,64.0
6,46,Yes,4,5,29.5
8,87,Yes,4,5,81.4
3,94,No,4,7,75.6
1,94,Yes,5,1,71.1
4,66,No,6,7,51.7
4,84,No,5,7,69.4
1,94,No,8,3,74.2
9,74,No,8,6,72.0
3,54,Yes,7,6,34.6
5,67,Yes,4,0,50.4
6,74,No,7,0,63.0
8,46,Yes,8,7,42.1
6,89,No,4,0,73.6
3,85,No,9,2,66.8
6,89,Yes,6,5,81.5
1,90,Yes,8,7,69.8
4,85,No,9,4,70.5
6,59,Yes,7,4,48.7
7,71,No,9,3,64.2
3,77,No,7,3,58.5
9,79,Yes,8,6,81.9
7,71,No,5,5,62.3
1,65,Yes,6,7,40.4
2,97,No,9,5,82.3
1,78,No,9,9,58.4
9,59,No,8,6,59.8
9,57,No,8,9,55.1
7,89,No,7,9,85.3
3,54,Yes,4,4,31.4
5,91,No,4,5,75.9
4,61,Yes,4,0,42.0
7,90,Yes,7,2,86.2
9,61,Yes,4,7,56.1
2,92,No,8,2,69.5
8,60,Yes,5,0,57.3
9,41,Yes,5,2,37.2
9,79,Yes,5,3,76.4
7,92,No,4,7,82.1
9,82,No,5,8,81.7
9,57,No,9,3,59.3
3,62,No,4,6,37.8
4,52,Yes,9,0,36.8
2,80,No,8,8,61.0
3,48,Yes,9,3,30.6
5,88,No,8,8,76.0
5,46,Yes,7,2,35.7
6,80,No,7,4,68.3
7,93,No,9,0,87.7
7,40,No,6,2,33.6
1,41,No,8,4,14.8
2,43,Yes,4,5,16.4
9,53,No,6,7,49.9
2,71,No,8,0,47.0
6,75,No,4,2,58.5
1,41,Yes,8,0,17.9
3,79,No,8,4,62.1
2,89,No,4,7,68.5
3,90,Yes,8,3,73.4
5,53,Yes,8,8,40.4
6,59,Yes,8,5,49.8
9,64,No,7,5,65.0
4,81,Yes,5,4,62.9
7,88,No,8,9,82.4
6,47,Yes,4,4,31.6
2,67,No,9,6,44.3
8,85,Yes,8,7,85.0
7,60,Yes,7,6,53.3
7,62,Yes,7,0,54.3
8,71,No,9,0,70.0
1,47,Yes,8,9,25.8
1,70,No,6,5,43.1
8,76,Yes,9,2,68.9
4,55,Yes,5,8,34.7
5,79,Yes,4,6,66.4
8,81,No,4,1,75.0
5,66,No,4,2,53.4
4,79,No,4,7,61.6
6,80,Yes,7,0,71.6
5,57,No,5,4,42.8
7,74,No,8,9,68.5
7,88,Yes,8,0,80.9
4,91,Yes,6,8,78.0
5,54,No,8,6,38.9
3,92,No,5,4,73.3
4,66,Yes,8,5,50.1
4,56,No,7,2,39.3
3,79,Yes,9,2,65.1
5,41,Yes,8,6,27.9
5,88,No,4,6,70.9
7,89,No,4,6,80.4
4,70,Yes,9,1,54.9
4,76,No,4,1,56.6
9,80,Yes,4,4,74.7
6,80,No,7,3,67.4
4,73,Yes,7,6,58.0
2,73,No,7,2,53.7
6,90,No,8,4,80.6
2,94,Yes,9,1,76.2
5,98,No,4,0,78.3
6,42,Yes,6,8,32.5
4,56,No,9,3,43.5
3,53,No,6,7,36.8
7,53,No,4,6,41.3
2,85,No,5,0,62.7
6,77,Yes,9,9,72.7
4,74,Yes,8,6,58.8
6,40,No,6,1,26.7
4,87,Yes,9,2,74.6
4,68,Yes,9,0,55.1
4,43,No,7,6,29.2
9,72,Yes,5,2,65.6
7,56,Yes,7,5,45.9
3,67,No,5,6,48.0
3,89,No,5,2,70.4
6,65,No,8,1,52.2
6,47,No,9,8,38.7
4,73,Yes,7,8,60.5
9,98,No,7,6,98.6
4,57,Yes,6,4,38.0
9,70,Yes,9,3,68.9
4,98,No,4,3,78.2
2,66,Yes,4,0,46.0
2,55,Yes,6,3,32.3
5,97,Yes,5,6,87.0
4,49,No,6,4,30.5
7,79,Yes,6,8,74.5
5,51,No,7,3,36.4
6,61,No,6,2,52.6
4,55,Yes,5,5,39.7
2,51,Yes,4,3,25.4
9,50,No,8,1,47.7
7,59,No,9,4,52.9
4,90,No,6,3,76.6
3,40,No,9,4,22.5
3,66,No,6,8,46.6
9,42,Yes,9,3,38.1
5,51,No,7,5,36.6
3,69,Yes,7,3,49.6
5,48,No,9,0,37.9
2,92,Yes,6,1,68.5
4,93,No,6,5,77.1
2,76,Yes,5,7,55.9
2,40,Yes,4,8,14.4
8,81,No,4,3,72.3
1,88,Yes,8,5,64.3
7,43,No,4,2,31.4
5,54,No,8,8,41.5
8,90,Yes,7,7,85.5
1,66,Yes,8,0,45.9
7,47,No,8,1,40.6
5,99,No,4,9,81.2
4,99,No,6,8,87.1
7,62,Yes,7,9,53.5
2,54,Yes,5,2,33.2
1,66,No,8,2,40.9
1,70,Yes,8,9,46.8
1,78,Yes,9,8,59.0
5,86,Yes,8,2,72.9
7,47,No,6,9,39.1
2,69,No,5,4,47.0
8,97,Yes,9,5,93.7
4,94,Yes,4,2,73.8
3,81,No,7,9,60.5
8,57,Yes,6,7,54.9
2,43,No,5,1,18.5
3,86,No,7,5,65.7
3,82,No,4,1,65.1
1,61,No,7,8,38.5
6,42,No,9,5,32.3
2,54,No,8,8,27.1
1,74,No,8,3,48.8
2,86,Yes,6,2,64.9
6,77,No,7,1,72.4
4,72,Yes,8,7,62.5
6,53,Yes,6,3,40.1
9,87,Yes,6,1,83.4
8,40,No,9,8,34.4
1,92,Yes,6,7,69.0
8,88,No,4,4,79.5
9,65,No,8,7,63.3
6,47,Yes,8,4,36.3
5,89,Yes,5,6,72.9
6,55,Yes,4,4,44.6
6,77,Yes,8,4,63.5
9,49,No,9,3,47.4
4,81,Yes,8,4,65.3
2,76,Yes,5,6,59.8
9,65,Yes,7,2,63.3
2,67,Yes,7,3,44.7
9,51,Yes,4,7,45.5
2,59,No,6,5,37.5
8,88,No,5,7,88.4
9,53,No,5,1,46.5
9,85,Yes,8,8,86.9
9,74,Yes,9,6,75.9
2,68,No,8,4,42.1
4,51,No,9,6,34.4
7,91,No,5,1,82.0
2,57,No,6,3,33.5
1,83,Yes,7,6,62.8
3,41,Yes,4,1,18.3
4,41,Yes,9,7,30.5
8,98,No,7,9,98.3
6,56,No,4,9,45.8
2,49,No,6,4,26.3
9,57,Yes,5,4,51.8
2,61,Yes,6,7,46.2
5,58,No,9,0,43.7
4,97,Yes,5,5,82.6
7,92,No,8,1,85.9
8,40,No,4,0,28.1
5,63,No,8,6,52.9
5,75,Yes,5,3,59.3
2,64,No,4,0,40.4
8,75,No,4,9,67.4
2,70,Yes,8,5,52.0
6,70,No,4,9,59.2
8,41,No,5,5,33.1
6,58,Yes,9,2,48.7
4,92,No,9,5,78.8
4,51,No,5,9,35.9
6,49,No,8,8,42.3
4,70,Yes,6,5,51.7
8,84,No,5,0,75.0
9,61,No,9,9,60.1
1,62,No,5,5,38.2
4,91,Yes,4,7,75.2
4,62,Yes,4,6,42.9
2,54,Yes,5,7,33.6
6,65,No,8,7,58.9
3,42,Yes,6,8,22.1
7,62,No,4,2,51.8
5,59,Yes,9,6,49.6
4,84,Yes,4,5,68.3
5,79,Yes,9,1,64.7
8,96,Yes,6,4,86.9
3,78,No,4,2,60.5
7,95,Yes,8,4,86.4
6,47,No,9,8,36.8
1,57,No,4,7,35.2
7,80,No,4,8,70.5
7,45,Yes,5,8,40.0
1,66,Yes,8,7,45.9
9,75,No,8,7,70.3
6,54,Yes,5,5,43.3
2,76,No,9,5,57.8
5,97,Yes,7,5,89.7
4,44,Yes,6,9,29.1
7,78,No,8,5,74.6
8,48,Yes,7,8,44.4
1,46,No,9,9,24.3
5,80,No,6,0,63.0
3,59,Yes,8,9,44.1
1,49,Yes,4,5,23.3
3,65,Yes,8,7,48.0
6,43,No,6,0,31.3
7,77,Yes,7,5,74.8
8,63,Yes,4,8,58.4
4,53,Yes,6,5,37.0
3,80,Yes,9,1,62.3
5,40,No,6,0,23.6
9,56,Yes,8,3,52.5
6,84,No,9,5,77.1
9,63,Yes,5,9,61.5
6,66,Yes,5,9,61.0
2,46,Yes,4,8,19.6
5,48,No,6,4,34.8
9,82,No,7,6,80.6
8,74,Yes,4,5,66.3
7,97,No,9,5,93.9
1,51,No,4,8,28.8
4,60,Yes,8,4,46.3
7,42,Yes,9,1,38.9
7,54,Yes,7,7,44.8
6,60,Yes,6,2,52.2
8,49,Yes,9,8,46.5
6,72,Yes,6,4,57.6
3,85,No,6,0,62.1
4,98,Yes,4,3,77.9
3,91,Yes,8,8,76.8
1,45,Yes,4,0,18.7
5,41,Yes,5,7,26.0
1,68,No,5,7,43.7
1,94,No,6,8,72.8
2,79,No,8,8,60.4
4,72,Yes,9,5,55.5
6,43,Yes,6,4,32.0
8,98,No,9,6,98.8
3,43,No,6,8,25.9
1,68,Yes,4,4,44.0
3,76,Yes,6,2,55.5
3,99,Yes,6,8,82.9
5,99,Yes,8,9,92.3
4,59,Yes,8,0,46.0
4,80,No,9,0,69.3
9,62,Yes,8,9,60.6
7,84,No,6,3,74.4
4,57,Yes,8,1,42.6
3,88,No,8,6,69.0
6,64,No,7,1,54.1
3,40,No,7,6,23.1
6,93,Yes,5,7,84.0
9,54,Yes,4,7,53.0
6,73,Yes,4,2,60.9
4,87,No,8,8,70.9
5,59,No,5,9,45.2
6,93,Yes,5,9,85.9
3,76,No,9,9,60.1
8,66,No,7,5,64.6
4,61,No,5,3,42.4
8,90,No,6,7,85.6
3,44,Yes,9,3,23.2
7,73,No,8,3,64.5
9,78,Yes,6,7,79.6
4,42,No,4,3,22.1
8,56,No,7,0,51.2
3,63,Yes,6,5,42.2
7,63,No,8,7,58.2
3,42,Yes,6,2,21.1
7,84,Yes,6,1,75.5
6,46,Yes,5,5,33.4
2,64,Yes,7,0,44.5
3,95,Yes,4,4,80.4
6,42,Yes,8,5,30.3
4,54,Yes,9,7,42.1
6,68,No,9,6,58.9
1,89,Yes,8,5,65.8
1,68,No,4,1,39.9
3,49,No,8,7,27.8
8,71,No,5,7,67.5
8,62,Yes,9,4,57.6
4,78,Yes,9,2,67.0
6,48,No,6,7,38.6
8,76,Yes,5,4,68.6
7,91,No,9,2,82.4
7,79,No,5,8,72.0
4,53,No,5,8,33.7
9,43,Yes,4,6,43.3
6,59,No,9,7,50.0
3,67,Yes,7,4,49.7
5,53,No,4,4,36.6
5,83,Yes,4,4,68.6
5,73,No,5,1,58.4
8,52,Yes,7,2,45.2
9,70,No,4,7,68.2
9,72,Yes,7,5,68.6
6,91,Yes,9,8,86.9
6,78,Yes,5,6,67.0
9,67,No,4,5,62.6
4,64,No,7,3,42.7
6,71,No,8,6,61.8
4,48,Yes,4,3,29.8
1,67,Yes,4,6,41.0
7,97,No,4,4,86.7
6,70,No,7,1,58.4
9,56,Yes,6,6,54.9
7,92,No,9,7,87.7
7,62,Yes,4,9,56.6
2,52,Yes,8,1,32.7
9,94,Yes,8,5,95.5
9,49,No,5,3,40.7
6,55,Yes,6,4,45.3
3,45,No,6,0,25.5
1,87,Yes,7,5,66.0
4,50,No,5,7,38.2
3,97,No,7,1,81.7
1,91,Yes,5,0,64.7
3,42,Yes,9,8,23.6
4,67,Yes,6,1,49.7
8,80,Yes,9,7,78.6
9,54,No,7,4,51.0
3,99,No,5,1,80.6
6,52,No,6,4,35.9
5,81,No,6,8,67.3
6,91,No,4,5,72.7
4,95,Yes,7,2,79.8
6,84,Yes,4,7,72.7
7,56,No,6,0,50.1
9,46,Yes,7,8,42.9
7,67,Yes,7,8,58.0
6,77,Yes,9,3,67.8
1,52,Yes,8,7,29.0
2,99,Yes,5,2,77.4
1,56,Yes,8,5,30.6
9,54,No,8,9,52.4
9,75,Yes,6,9,75.4
7,67,Yes,9,7,64.1
2,54,No,5,8,32.1
6,85,No,8,7,80.0
4,92,No,8,8,78.3
1,50,Yes,7,3,27.2
1,95,No,6,9,70.0
5,70,Yes,8,0,58.8
2,43,No,5,6,18.0
4,74,Yes,4,9,54.4
1,73,Yes,4,3,48.2
4,91,No,6,0,76.7
6,66,Yes,4,2,53.7
4,49,Yes,7,6,34.4
1,69,Yes,7,2,46.3
7,84,Yes,5,0,74.2
2,59,No,9,6,38.6
9,68,No,6,7,66.2
3,97,No,6,4,77.8
8,92,Yes,4,5,85.0
8,68,No,8,2,65.4
3,62,No,8,4,43.7
4,96,Yes,9,2,84.2
2,89,No,8,1,70.5
4,60,No,9,6,48.7
9,87,No,5,9,83.4
2,82,Yes,6,6,62.4
3,49,No,4,7,25.6
4,80,No,5,0,65.6
5,51,No,7,1,34.2
1,69,Yes,7,1,48.0
7,90,Yes,7,2,84.3
7,72,No,9,6,64.6
9,57,No,9,6,56.2
4,53,No,6,6,37.5
6,61,Yes,7,0,54.3
2,60,Yes,9,1,37.7
4,40,No,9,7,23.6
2,88,No,8,8,71.2
5,82,Yes,9,9,74.0
7,91,Yes,7,6,88.6
1,99,No,5,0,70.4
7,54,Yes,7,3,45.2
6,75,No,8,9,71.1
6,86,No,7,7,78.3
8,93,Yes,4,4,85.4
8,61,No,8,0,55.1
6,71,No,6,6,54.0
3,97,No,7,5,81.0
5,85,No,9,8,72.8
2,93,No,5,3,70.0
5,72,No,7,3,61.6
9,97,No,5,7,95.3
1,80,Yes,4,3,51.9
5,98,Yes,6,2,84.3
6,78,No,9,6,70.3
7,62,Yes,8,4,54.9
9,82,No,8,8,80.2
6,94,No,6,4,83.9
5,41,Yes,4,8,27.7
7,41,No,4,5,32.1
1,77,No,7,5,52.0
5,94,Yes,4,5,81.0
2,90,Yes,7,6,68.2
4,68,Yes,5,3,54.9
7,91,Yes,6,3,82.9
5,85,Yes,5,8,71.4
6,99,Yes,5,6,87.2
2,42,No,5,9,20.9
3,78,Yes,5,5,62.3
7,46,Yes,8,0,38.4
2,75,No,4,6,49.4
6,68,No,6,5,58.2
5,94,Yes,6,3,80.6
1,76,No,9,7,55.6
4,88,No,5,6,70.5
2,97,No,6,7,76.0
4,75,No,7,8,62.9
1,62,No,6,0,34.9
2,84,No,5,2,60.8
8,55,No,6,1,49.5
6,87,Yes,4,2,76.1
2,70,No,5,1,47.0
6,73,Yes,8,5,63.4
9,89,No,4,8,88.8
7,40,No,6,1,29.1
9,57,Yes,8,3,51.6
5,97,No,9,4,81.4
7,79,No,4,4,71.0
7,82,Yes,9,0,75.1
3,95,No,7,5,76.1
7,95,No,4,4,86.2
1,54,Yes,8,5,31.2
9,87,Yes,9,3,85.2
6,88,No,7,5,77.5
5,56,Yes,9,8,44.0
7,83,No,6,0,73.4
5,49,No,5,5,34.0
5,59,Yes,9,0,46.6
7,45,Yes,6,6,38.3
7,47,Yes,5,3,37.4
3,84,Yes,5,5,69.5
3,73,No,8,6,55.9
3,71,Yes,7,4,52.9
6,90,Yes,7,8,83.3
6,93,No,4,7,79.5
3,81,No,6,2,61.1
3,43,No,8,0,22.5
8,83,No,9,9,86.1
8,89,No,6,7,83.8
7,78,No,9,3,75.5
4,59,No,9,6,46.6
4,63,No,9,3,48.7
3,63,No,4,6,45.0
5,94,Yes,4,0,78.6
3,65,Yes,8,0,43.9
8,64,No,4,1,54.9
7,75,Yes,8,4,65.9
3,46,No,4,9,28.2
9,49,No,7,5,49.9
5,97,No,8,1,83.3
9,86,No,7,0,84.9
7,51,Yes,7,8,42.9
7,40,Yes,8,6,33.2
6,91,No,6,7,82.0
2,89,Yes,5,5,71.3
9,64,Yes,4,8,60.2
6,55,No,9,7,45.3
8,44,No,4,3,36.7
1,58,Yes,9,4,38.2
5,43,Yes,6,1,30.4
1,45,No,5,0,16.4
8,65,No,6,5,61.0
8,88,Yes,5,2,81.7
1,78,No,8,3,55.5
9,95,No,8,0,95.6
2,94,No,9,5,76.5
9,78,Yes,7,7,77.3
1,48,Yes,7,9,20.0
9,84,No,9,3,83.3
4,91,Yes,8,9,75.3
9,53,No,9,7,55.9
7,87,Yes,7,9,82.5
6,94,Yes,9,2,86.0
5,48,Yes,8,6,37.7
9,54,No,6,2,53.3
2,76,No,4,5,58.1
2,89,No,8,3,68.5
9,92,Yes,9,5,90.1
3,59,No,8,6,43.9
8,47,No,8,7,41.1
9,71,No,7,5,69.5
8,86,No,9,3,83.1
4,60,Yes,7,8,45.8
1,96,No,9,6,77.1
4,80,No,7,8,66.1
9,58,Yes,7,2,55.9
2,68,No,6,4,46.3
3,97,Yes,8,0,77.9
8,70,Yes,6,7,64.8
6,93,Yes,7,0,82.8
8,45,No,6,0,39.3
7,43,Yes,8,6,39.4
5,82,Yes,8,7,77.4
9,68,Yes,7,2,68.4
4,81,No,8,1,68.9
6,42,Yes,6,6,33.3
2,40,Yes,5,9,17.5
2,83,Yes,8,4,63.2
2,94,No,6,0,71.4
7,54,Yes,6,1,43.3
2,86,Yes,6,2,63.3
2,60,No,8,5,38.9
9,85,No,5,0,82.0
7,97,No,7,7,88.2
3,70,Yes,7,1,48.7
3,46,Yes,8,4,25.4
7,56,Yes,8,7,49.2
5,95,Yes,4,4,79.7
6,58,No,9,7,54.7
8,78,Yes,5,5,70.4
9,99,No,6,6,97.0
1,42,Yes,9,7,21.0
3,69,Yes,6,2,50.8
7,74,Yes,9,4,72.1
6,97,No,7,9,86.3
7,96,No,9,6,89.3
8,68,No,8,8,66.7
6,89,No,5,5,80.1
3,91,Yes,7,9,76.2
2,93,Yes,9,0,71.6
7,53,Yes,5,7,43.2
1,74,Yes,8,5,54.0
3,67,Yes,6,0,51.0
4,97,No,4,3,76.7
1,69,No,5,5,46.9
5,65,Yes,6,9,51.9
3,46,Yes,5,0,23.8
2,78,Yes,5,9,57.2
3,70,Yes,5,4,49.4
8,44,No,8,2,42.2
6,74,Yes,7,6,64.3
7,89,Yes,5,7,82.4
6,86,Yes,8,2,74.5
6,91,Yes,4,9,78.8
3,53,No,7,2,35.0
8,75,Yes,8,2,70.3
7,66,No,4,5,56.3
7,63,No,7,5,58.4
6,79,Yes,8,2,69.5
5,68,Yes,4,5,54.4
8,92,Yes,8,8,92.0
5,84,Yes,4,7,69.6
9,61,Yes,5,6,58.9
9,47,No,5,6,39.9
1,54,No,7,7,29.6
6,88,No,4,6,76.4
7,44,No,5,2,34.5
3,91,No,7,7,71.8
7,43,Yes,6,7,31.3
7,50,Yes,5,0,44.9
2,57,No,5,9,34.3
7,81,Yes,9,4,76.3
1,88,Yes,8,4,67.5
5,69,No,6,0,57.8
9,54,No,4,5,46.7
7,45,No,7,5,35.9
7,94,Yes,6,3,84.0
2,92,No,4,5,72.6
8,55,No,5,5,51.6
3,86,Yes,9,0,72.3
8,79,Yes,7,4,78.8
3,48,No,7,1,27.7
7,82,Yes,6,6,73.3
2,98,No,8,8,79.0
4,73,Yes,4,8,59.4
6,66,No,9,8,56.7
9,52,Yes,9,6,51.0
5,75,Yes,6,6,56.2
9,66,Yes,8,0,63.4
5,48,No,8,5,38.9
8,44,No,8,4,42.3
1,90,No,7,7,68.5
7,61,Yes,4,7,56.2
4,70,Yes,4,3,52.9
5,42,Yes,6,0,27.5
6,69,No,5,5,56.6
5,60,Yes,6,9,50.2
1,74,No,4,0,51.5
9,45,No,7,4,42.6
2,67,No,6,4,42.3
9,71,No,5,2,62.9
2,81,No,9,4,59.3
9,76,Yes,6,5,70.1
6,64,Yes,8,4,56.3
9,71,Yes,5,0,66.2
6,74,Yes,8,6,65.0
6,61,Yes,7,2,52.4
2,63,Yes,4,6,43.3
8,78,No,6,4,71.3
3,93,Yes,6,2,75.9
7,69,No,8,5,64.5
5,89,No,8,0,79.0
3,71,No,4,5,51.7
1,70,No,6,3,43.2
8,62,No,4,3,54.4
3,79,Yes,8,4,60.2
2,72,Yes,9,8,55.3
1,64,Yes,8,0,39.9
4,75,No,5,2,56.2
8,63,Yes,8,3,56.1
3,70,Yes,8,1,48.3
1,97,No,9,8,70.9
4,78,No,4,6,63.9
9,85,Yes,5,0,80.1
1,52,No,5,8,26.6
2,49,No,6,5,26.1
9,62,No,9,1,56.9
2,57,Yes,7,0,35.8
3,71,No,6,5,52.6
7,72,No,6,6,60.8
3,75,No,6,9,55.5
9,67,No,5,5,59.5
6,55,No,4,6,44.1
3,55,Yes,8,5,35.4
9,57,Yes,5,7,53.3
1,47,No,8,1,25.0
3,81,No,8,8,66.4
1,55,Yes,7,8,34.4
2,94,Yes,6,8,74.0
8,95,No,7,6,91.9
7,50,No,6,8,45.2
2,45,Yes,5,0,23.7
2,40,No,8,2,21.0
9,51,No,7,1,46.0
6,96,Yes,9,0,84.9
5,77,Yes,5,4,64.8
6,67,Yes,5,0,54.8
9,84,Yes,9,2,90.0
7,97,No,6,5,88.2
9,56,No,8,5,57.1
4,40,No,6,2,21.6
2,71,No,6,3,47.3
8,47,Yes,5,6,41.8
4,93,Yes,6,5,74.5
9,79,No,4,1,74.6
4,95,No,9,8,84.1
8,82,No,9,5,80.3
9,85,Yes,8,1,82.3
9,63,Yes,9,6,64.0
4,49,Yes,6,9,34.7
1,86,No,6,9,63.9
3,78,No,7,3,60.4
9,78,No,8,0,76.9
4,49,Yes,8,9,34.0
5,75,No,9,8,67.1
7,64,Yes,6,9,57.4
5,99,No,4,7,83.0
4,89,No,7,4,75.6
2,98,Yes,4,2,76.8
2,96,Yes,6,3,72.8
4,49,No,8,2,31.6
9,58,Yes,8,9,59.9
8,85,Yes,4,7,80.5
3,84,Yes,5,4,65.8
9,54,Yes,6,7,49.5
5,55,Yes,8,0,45.1
3,41,No,9,8,23.7
5,68,No,5,9,55.8
4,43,No,8,2,26.9
8,92,No,9,0,91.6
5,89,Yes,8,2,79.5
8,68,No,5,1,59.8
9,70,Yes,4,6,65.0
4,56,No,6,9,41.5
7,49,No,5,3,39.2
2,66,Yes,5,6,43.9
6,92,No,8,2,78.9
8,80,No,9,5,72.0
7,54,No,5,6,44.8
7,99,No,6,6,89.6
8,83,No,4,4,75.9
7,70,No,9,5,62.5
5,60,No,4,2,46.5
7,99,Yes,4,3,96.3
3,98,No,6,5,81.1
5,97,No,8,2,86.0
7,80,No,9,6,76.0
9,85,No,9,2,85.3
2,84,No,6,8,63.6
4,99,No,9,3,86.2
7,65,Yes,5,1,58.5
1,77,No,7,5,53.6
2,90,No,7,8,72.2
9,75,Yes,7,9,77.6
7,91,Yes,4,9,82.9
7,56,No,9,1,47.9
6,90,No,6,3,79.6
3,42,No,9,4,18.6
3,53,Yes,6,8,36.9
2,88,Yes,9,6,68.6
6,52,No,4,4,34.3
4,80,No,5,5,62.5
5,66,Yes,7,8,51.0
3,40,Yes,7,3,20.5
6,96,Yes,9,1,87.9
3,56,Yes,4,4,35.3
8,87,No,7,6,85.7
9,89,Yes,9,3,87.6
4,73,Yes,8,0,61.1
9,53,No,9,7,60.4
7,93,Yes,6,4,87.9
3,94,No,7,9,72.4
7,98,Yes,7,1,92.3
1,56,No,8,2,29.9
3,42,Yes,5,9,23.4
6,73,No,9,9,65.7
4,79,No,5,4,59.5
7,64,Yes,9,3,55.6
3,41,No,8,8,20.7
1,73,No,5,8,49.8
9,65,Yes,4,7,64.4
6,70,No,8,1,64.3
8,48,No,9,4,42.8
3,69,Yes,6,7,50.7
8,59,Yes,6,7,52.8
2,60,No,6,6,38.0
4,68,No,9,3,50.6
3,98,No,7,2,78.3
1,64,No,8,7,45.3
7,77,No,8,7,69.7
2,97,Yes,5,9,77.6
4,83,No,8,4,67.9
9,64,Yes,8,2,64.3
6,48,Yes,5,4,37.7
8,78,Yes,8,3,74.4
2,83,Yes,8,7,67.5
7,65,No,4,1,54.2
6,96,No,9,7,87.7
9,76,No,5,9,72.3
7,55,Yes,4,5,43.6
1,76,Yes,7,3,56.7
8,51,No,5,2,44.9
3,63,Yes,9,9,48.0
2,65,No,8,4,47.8
3,59,Yes,8,5,40.0
6,48,Yes,4,0,37.3
3,62,Yes,4,0,42.9
5,78,Yes,7,9,69.5
6,68,Yes,7,2,60.6
8,70,Yes,9,1,66.5
7,58,Yes,8,0,54.7
8,59,No,6,7,56.4
3,62,No,7,0,41.2
4,82,Yes,8,9,70.4
6,66,Yes,7,7,60.4
7,69,No,5,4,63.7
9,60,Yes,4,3,57.5
1,83,No,8,7,61.6
8,74,No,7,7,67.8
8,88,No,4,7,82.6
6,46,No,6,2,33.8
4,61,No,7,7,49.2
3,49,Yes,8,0,33.8
3,62,Yes,5,3,39.6
6,54,No,4,4,41.1
8,69,Yes,4,5,61.1
7,73,No,5,4,63.2
1,52,Yes,8,4,29.0
6,99,Yes,9,4,90.0
7,43,Yes,6,8,36.8
7,57,Yes,9,9,50.3
9,95,Yes,5,9,98.4
5,62,Yes,6,2,49.3
1,72,Yes,8,1,46.8
2,73,Yes,7,9,54.5
4,73,No,7,1,59.2
5,75,No,9,7,64.7
9,74,Yes,8,4,77.2
1,56,Yes,6,4,28.5
3,67,Yes,9,5,50.3
5,53,No,5,8,36.2
3,73,Yes,9,6,58.0
4,87,Yes,8,4,73.4
3,50,No,8,4,31.8
4,96,No,7,9,81.0
1,52,No,5,8,25.6
8,72,Yes,7,8,67.7
4,96,No,6,1,79.2
7,94,Yes,6,6,87.5
2,41,No,4,9,12.8
2,73,Yes,8,0,53.9
6,92,Yes,5,3,82.1
2,68,Yes,5,1,46.5
6,76,No,7,9,67.9
2,43,Yes,9,8,23.3
4,51,Yes,9,5,37.3
7,65,Yes,7,3,60.6
8,97,No,9,2,94.9
3,67,Yes,5,3,47.7
9,42,Yes,7,1,41.2
2,59,Yes,9,4,38.1
8,49,Yes,4,8,46.2
8,91,No,8,5,90.6
4,57,Yes,4,1,40.7
1,92,No,9,5,71.7
1,92,No,6,8,68.6
2,92,Yes,5,3,69.4
9,66,No,4,0,61.1
2,70,No,4,1,52.8
2,66,No,7,4,45.4
6,81,Yes,7,9,67.7
7,40,No,7,6,33.2
7,45,No,9,7,32.2
9,50,Yes,6,2,46.8
6,73,Yes,4,8,60.7
8,78,No,8,1,75.0
6,59,No,7,3,47.1
2,92,No,6,3,69.7
1,60,Yes,9,5,40.6
5,60,No,6,9,43.5
9,57,Yes,7,5,54.0
8,60,No,5,2,52.4
4,58,No,4,8,44.6
5,43,Yes,7,4,31.5
5,52,No,8,1,33.8
6,57,Yes,4,5,41.3
3,91,No,6,2,73.8
5,68,Yes,8,7,55.4
2,64,Yes,4,2,41.6
1,95,No,8,4,67.9
1,52,Yes,6,3,28.6
7,66,No,7,3,59.4
2,99,Yes,8,1,79.7
4,58,Yes,7,7,41.5
5,88,Yes,6,2,74.6
7,40,No,6,3,28.5
2,77,Yes,8,5,58.8
6,58,Yes,8,8,51.3
1,91,Yes,6,3,66.5
7,40,No,8,2,32.2
9,79,No,8,4,75.4
5,56,Yes,8,8,44.9
5,60,Yes,9,0,52.2
4,61,No,8,4,42.0
3,54,Yes,4,3,34.8
9,89,Yes,6,4,88.8
5,78,Yes,6,6,65.9
8,87,Yes,5,6,84.5
9,78,Yes,7,6,75.7
5,71,Yes,5,0,54.1
9,88,No,8,8,89.0
2,43,Yes,8,6,26.9
9,83,Yes,4,3,78.8
4,84,No,4,3,65.1
6,71,No,4,1,59.2
6,43,No,4,5,29.0
6,92,No,4,9,80.0
2,40,Yes,4,2,15.1
7,72,No,4,0,61.9
6,46,Yes,4,4,35.4
1,48,No,9,5,23.9
2,40,No,4,4,19.8
7,55,No,6,4,43.9
1,57,Yes,4,9,32.7
1,93,No,7,7,71.2
1,86,No,4,9,55.4
8,45,No,9,0,38.8
4,41,Yes,8,7,26.8
4,48,Yes,9,6,33.3
2,43,No,9,0,21.7
1,84,Yes,8,8,61.0
9,62,No,4,3,55.9
7,93,Yes,4,6,84.9
4,82,No,8,2,68.7
6,84,Yes,7,7,80.1
2,82,No,5,3,63.7
7,90,Yes,6,1,80.3
2,47,Yes,8,1,30.0
8,78,No,4,7,74.1
8,64,No,6,7,61.1
1,55,Yes,4,0,26.8
8,74,No,5,5,67.2
2,56,No,5,8,35.2
6,57,No,8,8,45.7
1,99,No,6,1,72.8
5,66,Yes,9,7,55.7
7,54,No,6,7,43.7
1,99,Yes,9,3,76.4
2,56,Yes,5,3,31.8
7,82,No,4,4,74.2
6,44,No,9,9,35.4
3,55,Yes,9,6,37.3
2,54,No,8,0,28.9
4,81,No,7,8,66.7
3,85,Yes,5,2,65.9
7,73,Yes,9,3,64.1
8,87,Yes,5,6,82.7
2,58,No,8,4,35.5
7,47,No,4,4,39.2
8,86,Yes,6,0,78.2
6,49,Yes,5,1,34.8
6,44,No,8,4,36.9
1,91,No,8,1,66.4
4,87,No,8,0,71.0
1,92,Yes,6,9,66.3
4,65,No,5,2,44.2
2,61,No,9,0,41.7
5,83,Yes,8,9,73.2
9,62,No,6,7,59.8
3,52,Yes,4,7,30.2
8,48,No,7,7,41.6
3,88,Yes,5,6,75.5
6,59,Yes,6,6,50.4
4,67,Yes,7,1,54.4
8,83,No,7,8,78.8
6,96,No,6,6,86.7
8,76,No,9,4,74.9
1,63,No,9,3,39.4
6,83,Yes,6,7,71.7
1,72,No,6,4,53.6
1,59,No,8,5,39.3
8,99,Yes,4,3,87.5
7,87,Yes,9,1,85.2
3,69,Yes,8,6,53.2
6,83,Yes,7,1,77.5
9,48,No,7,6,44.1
7,84,Yes,7,6,74.5
3,88,No,6,0,68.8
6,56,No,5,9,41.2
4,75,Yes,8,9,61.1
3,53,Yes,5,2,31.1
9,58,Yes,4,2,56.0
2,46,Yes,4,5,23.3
1,98,Yes,8,2,76.4
2,42,No,7,8,21.6
7,72,Yes,9,4,71.1
1,83,No,4,5,58.0
6,71,Yes,5,5,58.9
7,86,No,5,7,82.0
9,50,No,9,9,49.1
8,81,No,6,2,73.7
6,41,Yes,7,8,32.0
3,65,Yes,6,6,46.4
8,43,Yes,8,5,41.1
7,56,No,4,0,47.4
3,56,No,9,3,40.4
9,67,Yes,9,4,66.9
2,69,Yes,9,1,48.1
3,79,No,6,0,59.8
2,62,No,6,1,37.5
1,85,Yes,8,7,66.1
4,63,Yes,5,9,48.6
5,68,Yes,5,5,53.4
6,43,No,8,9,31.2
5,77,No,9,1,61.1
1,68,Yes,5,8,42.2
3,58,Yes,8,7,38.7
1,66,Yes,5,3,44.0
5,68,Yes,8,9,56.8
5,95,Yes,5,6,82.2
6,75,No,9,2,67.2
8,74,Yes,6,5,72.3
1,91,No,6,2,65.9
4,45,No,9,9,32.9
1,98,No,5,2,75.1
9,62,No,9,8,58.1
7,78,No,8,5,69.7
7,85,No,6,7,76.1
5,83,No,4,3,68.7
7,87,No,5,3,77.2
2,91,Yes,4,7,68.1
4,47,Yes,4,6,25.3
7,94,Yes,7,4,89.9
3,41,Yes,4,1,15.7
2,52,Yes,4,5,30.7
2,79,No,9,0,61.0
1,96,No,7,6,73.7
5,60,No,7,8,48.5
6,70,No,7,4,61.0
6,91,No,8,4,79.3
9,87,Yes,7,6,85.9
4,75,Yes,9,4,58.2
1,87,No,8,9,62.0
6,91,Yes,5,3,80.1
5,77,Yes,8,0,65.5
6,66,Yes,5,5,57.0
3,75,Yes,7,8,59.3
2,87,Yes,7,3,62.9
6,62,No,5,9,50.7
1,94,Yes,6,3,73.9
7,60,Yes,9,4,59.0
7,52,No,8,5,45.5
7,76,No,9,2,70.0
1,86,No,9,8,62.1
4,65,No,4,0,46.2
7,79,No,7,5,71.4
9,46,No,8,5,43.4
5,85,No,9,7,76.2
2,78,No,8,4,60.1
7,61,Yes,9,8,57.1
1,78,No,7,8,57.1
7,62,No,9,1,56.2
6,97,Yes,5,4,87.1
7,69,No,7,6,61.5
3,57,No,8,1,38.9
3,81,No,6,6,62.3
7,57,No,9,8,49.7
2,85,Yes,5,7,66.6
1,49,Yes,7,9,26.5
9,78,No,4,8,71.0
9,69,Yes,7,3,71.7
7,65,Yes,8,7,60.6
7,46,Yes,8,8,40.6
3,46,Yes,4,9,26.5
2,44,Yes,5,1,16.8
7,40,Yes,8,9,34.0
9,85,No,5,2,81.2
1,57,No,5,0,29.3
4,52,Yes,7,0,33.0
6,64,Yes,5,9,51.3
7,79,Yes,9,5,74.8
7,47,No,8,0,37.5
2,49,No,8,4,33.8
4,71,No,6,5,58.5
5,56,No,5,8,41.8
1,77,No,6,5,52.2
1,54,No,7,3,28.3
3,54,Yes,6,0,29.3
3,96,No,5,5,72.9
8,87,No,8,6,81.4
9,79,No,7,4,83.0
1,90,Yes,5,5,65.1
2,59,No,7,9,40.2
2,54,Yes,4,7,31.1
4,74,Yes,5,0,57.7
2,45,No,4,7,21.4
7,69,No,6,1,59.5
9,96,No,5,1,96.7
7,47,Yes,4,7,40.6
6,70,No,9,1,59.9
1,87,Yes,8,7,66.4
9,86,Yes,6,4,84.2
5,71,No,5,8,53.6
5,84,No,5,8,71.4
6,97,No,8,7,94.9
9,91,Yes,8,8,94.9
8,54,No,4,6,49.1
8,57,Yes,4,7,50.5
8,52,No,4,5,43.1
1,63,Yes,7,8,36.6
1,79,No,6,1,54.3
8,53,No,5,2,44.7
5,67,Yes,6,1,56.0
9,50,Yes,8,5,54.0
2,45,No,9,2,22.8
9,95,Yes,6,0,93.9
8,64,Yes,6,3,52.8
9,40,Yes,4,4,31.7
4,64,Yes,8,3,48.5
1,41,No,6,5,18.7
1,71,Yes,5,2,45.8
5,52,No,4,9,36.1
2,72,No,6,5,51.8
8,71,No,8,9,65.5
5,95,Yes,9,0,84.5
5,63,No,5,5,47.6
2,66,No,9,7,49.9
7,43,No,8,9,34.4
8,63,No,8,7,59.5
1,62,No,8,0,35.0
2,68,Yes,9,6,50.2
4,73,No,7,9,57.2
5,60,Yes,5,9,44.7
2,69,No,8,3,51.1
1,65,No,7,5,40.5
9,59,Yes,4,5,51.9
1,55,Yes,7,4,28.8
4,42,No,4,9,24.4
2,88,No,9,8,70.7
4,76,No,7,9,57.8
8,97,No,9,7,95.7
8,79,No,8,5,78.4
9,83,Yes,7,3,80.3
5,64,No,7,3,50.4
7,62,No,8,8,53.4
3,83,Yes,4,3,62.4
4,98,Yes,8,6,88.6
9,40,No,5,5,29.5
1,72,Yes,7,1,48.6
2,54,Yes,5,4,33.2
5,56,Yes,8,2,42.4
3,73,No,9,8,57.5
2,56,No,8,9,36.7
1,91,No,6,0,58.7
3,97,Yes,5,9,79.0
1,80,No,6,3,53.0
1,83,No,5,3,60.1
1,43,Yes,9,8,22.4
8,52,No,6,0,40.6
3,43,Yes,6,1,22.8
1,46,Yes,5,0,18.5
7,85,Yes,8,0,73.9
3,98,Yes,4,0,75.0
8,48,No,8,2,38.2
4,62,No,4,3,42.8
4,72,No,5,9,50.0
5,72,Yes,7,1,61.9
6,59,No,8,0,47.3
7,43,No,6,4,37.5
4,40,Yes,8,5,24.2
8,93,Yes,5,1,87.5
6,81,No,7,2,69.7
1,73,Yes,7,9,49.4
1,66,No,8,2,42.5
9,60,Yes,8,1,58.6
6,63,Yes,9,3,55.1
8,54,No,8,4,47.9
7,74,Yes,5,7,66.7
6,64,Yes,4,5,47.4
4,94,Yes,9,8,78.0
7,48,No,4,2,37.5
9,56,No,6,9,55.1
7,60,No,5,8,50.3
1,99,Yes,9,3,77.6
9,52,Yes,7,7,44.2
4,42,Yes,9,9,29.0
3,43,Yes,6,6,25.8
4,43,No,7,6,27.5
4,82,No,9,8,71.2
2,67,Yes,7,9,46.1
1,46,No,8,1,22.7
1,65,No,7,4,39.6
8,50,No,9,2,41.7
2,63,Yes,7,6,46.1
5,82,No,5,2,65.0
4,49,No,8,4,36.1
8,76,No,8,4,77.4
2,52,No,6,1,35.0
9,83,No,8,0,83.5
7,81,Yes,4,5,70.3
7,78,No,5,0,69.5
1,58,No,6,8,35.8
2,90,Yes,4,9,71.0
4,58,No,7,4,45.5
4,51,Yes,4,0,29.1
3,91,Yes,6,7,73.6
7,61,Yes,8,0,53.7
8,86,Yes,5,3,83.2
2,76,No,6,6,54.2
4,95,No,4,3,76.8
3,69,Yes,4,4,45.6
2,85,No,6,6,63.2
6,51,Yes,9,3,47.0
4,68,No,9,4,56.7
6,60,No,6,6,48.5
2,50,Yes,9,0,33.4
4,99,No,6,2,82.6
6,76,Yes,8,0,62.9
5,87,No,6,2,73.4
3,97,No,7,1,79.8
8,57,No,5,4,56.4
7,83,Yes,5,9,78.1
3,98,Yes,7,4,81.8
6,66,Yes,4,9,53.7
4,76,No,4,8,59.1
5,87,Yes,4,7,74.1
5,51,Yes,4,2,36.5
7,62,Yes,8,0,54.3
5,73,No,7,4,60.5
3,77,No,5,2,55.2
5,62,No,7,4,49.5
7,92,No,5,8,87.4
5,64,Yes,4,0,49.8
5,43,No,8,0,27.7
9,69,Yes,6,8,66.2
3,69,No,6,2,49.7
6,52,Yes,9,9,44.6
1,81,Yes,4,4,55.2
5,88,No,4,8,74.6
8,53,Yes,7,4,47.7
5,95,Yes,8,2,83.3
9,86,Yes,8,8,82.5
6,47,Yes,7,6,35.6
8,94,No,8,6,90.6
8,63,No,8,7,60.8
3,57,Yes,6,4,36.4
7,74,No,8,1,67.0
7,64,Yes,4,8,53.8
6,56,Yes,6,2,46.4
7,71,No,4,1,61.1
2,95,Yes,4,9,75.0
9,63,No,7,9,59.2
1,46,Yes,9,4,24.7
1,52,No,8,7,27.4
3,66,No,8,2,46.2
3,87,Yes,8,5,71.4
1,44,No,8,8,22.2
7,75,Yes,6,1,66.3
4,65,No,5,7,46.1
2,81,Yes,4,9,59.8
5,84,No,9,6,79.4
6,70,No,9,2,60.2
9,49,No,5,0,43.4
4,85,Yes,5,5,70.6
2,65,No,5,1,43.1
5,61,Yes,6,2,45.5
3,51,No,5,4,32.1
2,71,No,6,7,50.3
1,66,Yes,7,1,42.3
2,72,No,7,5,50.9
6,92,Yes,9,0,81.8
8,91,Yes,7,6,90.8
3,59,Yes,6,3,38.1
9,78,Yes,6,0,72.9
9,80,Yes,4,8,78.0
2,79,No,5,8,54.3
8,98,Yes,8,2,94.6
5,52,No,8,5,41.6
4,53,Yes,5,6,44.6
5,83,Yes,8,3,74.5
4,79,No,8,5,67.4
8,92,No,8,8,88.0
4,61,Yes,9,9,49.7
6,57,Yes,6,5,43.5
2,87,No,6,6,63.1
5,68,No,6,5,56.2
6,82,Yes,5,6,69.9
5,55,Yes,7,0,43.1
2,85,Yes,9,5,67.5
7,74,No,9,8,71.6
4,92,Yes,8,2,79.0
8,73,No,4,5,62.1
7,42,No,6,3,27.8
7,43,Yes,9,6,39.3
9,93,Yes,9,6,92.7
1,44,No,4,8,19.0
6,49,Yes,8,3,39.2
6,91,Yes,9,7,82.2
6,68,No,9,7,59.3
6,71,Yes,7,7,61.2
7,70,No,4,7,63.9
6,41,No,8,5,27.2
1,51,Yes,8,7,27.4
3,66,No,6,5,47.7
2,44,No,7,9,18.0
6,76,Yes,8,1,69.9
8,66,No,7,2,60.9
3,62,Yes,6,5,42.5
8,72,No,4,6,63.3
8,43,No,9,3,42.8
5,98,No,9,0,85.6
8,60,No,5,3,52.5
6,63,No,5,5,48.6
5,83,No,5,7,67.1
9,70,No,9,3,72.8
7,83,Yes,7,9,77.6
8,87,No,5,0,81.4
1,63,Yes,4,4,34.5
2,88,No,8,6,66.9
8,92,No,7,5,87.7
9,49,Yes,9,2,45.6
4,88,Yes,4,6,71.5
9,88,Yes,9,3,84.9
4,89,No,7,4,75.7
9,41,Yes,7,6,39.1
7,70,No,7,1,56.7
2,64,No,6,3,41.6
9,43,Yes,8,3,44.0
4,90,No,5,5,71.2
8,50,Yes,6,6,50.5
7,56,Yes,8,3,52.5
7,83,Yes,9,9,80.7
8,41,Yes,5,0,34.6
1,45,No,6,0,19.5
5,48,No,6,4,30.5
2,44,Yes,4,0,18.7
2,59,Yes,6,2,36.6
1,68,No,7,8,48.7
5,60,No,9,2,44.8
2,48,Yes,6,2,23.2
4,67,No,7,8,53.8
3,94,No,8,4,79.3
3,47,No,8,7,30.2
2,70,No,7,9,51.2
6,59,Yes,4,8,44.5
2,66,No,4,5,42.2
8,47,Yes,8,6,43.6
8,93,Yes,9,6,92.8
5,60,Yes,6,6,46.6
7,67,No,8,3,56.7
4,62,No,8,1,45.9
1,45,Yes,7,1,21.6
2,42,No,4,6,16.9
4,44,Yes,9,9,29.6
1,48,Yes,7,6,27.9
8,46,No,8,9,41.4
9,99,No,5,6,96.2
4,43,No,6,7,26.9
3,78,Yes,8,2,64.6
2,44,Yes,7,4,22.7
5,50,No,5,5,32.3
3,54,Yes,5,7,35.8
7,73,Yes,8,7,65.6
6,52,Yes,9,9,42.9
1,93,No,4,2,65.9
8,87,No,5,3,81.9
2,46,No,6,5,23.0
5,79,Yes,7,3,68.5
9,45,No,7,9,41.7
8,95,Yes,7,3,95.1
2,78,Yes,8,4,54.8
9,89,Yes,7,9,93.4
5,69,No,7,6,58.3
6,61,Yes,6,1,46.8
3,64,No,4,1,44.6
3,67,Yes,9,9,51.9
8,93,No,8,8,92.6
2,59,No,8,3,35.8
2,78,No,7,4,55.0
5,42,No,6,2,27.9
6,44,No,5,1,34.0
2,40,No,7,9,17.7
5,54,No,7,7,40.2
7,65,No,8,3,57.1
8,42,Yes,8,0,33.9
7,79,Yes,7,5,71.1
8,96,Yes,8,5,92.3
9,80,Yes,6,1,74.8
5,86,Yes,5,1,72.8
5,81,No,5,7,67.5
4,73,No,5,6,59.5
9,91,No,7,1,91.8
5,44,No,9,9,31.4
2,70,No,7,0,48.9
8,90,Yes,7,7,93.1
7,52,Yes,6,9,46.7
8,82,No,5,1,78.1
3,40,Yes,8,4,22.7
4,61,Yes,8,5,43.1
5,54,No,4,9,36.0
6,65,No,4,0,53.6
1,57,Yes,9,1,34.3
4,87,Yes,8,9,73.4
5,48,No,5,3,35.7
7,40,Yes,7,1,34.0
5,82,No,8,5,70.6
1,48,Yes,9,3,29.8
7,62,Yes,9,2,56.3
8,82,No,8,5,77.2
7,84,Yes,4,8,76.6
4,97,No,5,7,82.9
8,41,Yes,8,1,38.9
5,53,Yes,7,2,34.4
9,77,No,7,1,76.3
5,79,Yes,6,9,68.2
1,57,No,7,6,32.7
9,55,No,8,8,56.3
5,92,Yes,8,0,82.4
6,68,No,7,2,57.6
4,83,No,4,5,68.9
6,50,No,5,3,34.5
8,45,Yes,9,9,44.1
3,42,No,8,9,27.4
5,53,No,7,0,41.0
2,99,Yes,9,8,84.4
2,41,No,7,6,19.6
7,71,No,8,6,69.5
6,70,No,6,0,60.6
4,50,Yes,5,8,31.2
5,61,Yes,8,7,52.2
1,42,Yes,9,9,22.3
7,89,Yes,7,4,83.6
8,70,Yes,6,3,69.3
9,72,Yes,8,0,71.5
8,63,No,5,8,58.5
5,40,Yes,6,7,26.9
3,83,Yes,9,1,64.6
9,54,Yes,7,3,52.1
6,76,Yes,4,3,72.1
5,66,No,5,6,53.1
3,77,No,6,2,56.7
6,87,Yes,8,7,78.2
3,66,No,8,6,49.2
6,83,Yes,6,9,79.4
4,51,No,8,3,36.4
2,42,Yes,6,8,18.8
8,69,Yes,5,5,60.5
4,71,Yes,8,2,55.6
9,62,Yes,5,6,57.9
7,41,No,7,5,31.8
2,46,Yes,7,7,23.2
4,73,No,7,4,57.0
5,71,No,7,5,59.3
3,92,No,8,0,78.8
9,78,Yes,6,7,74.8
5,71,No,8,0,60.6
2,82,No,9,2,62.8
3,82,No,8,1,65.7
9,53,Yes,5,5,46.6
7,42,No,6,7,31.5
2,85,Yes,4,7,64.0
9,71,No,4,6,63.4
4,82,No,6,6,67.5
9,75,Yes,4,7,73.0
2,56,Yes,6,4,39.9
4,87,No,5,2,69.5
5,42,Yes,5,1,28.1
2,96,No,8,2,74.0
1,49,No,4,2,22.0
7,92,Yes,6,6,87.3
1,86,Yes,5,0,61.7
8,79,Yes,8,6,74.4
3,57,No,4,5,32.5
6,42,No,4,9,29.3
7,78,No,4,1,65.6
1,49,Yes,5,9,25.0
6,91,Yes,5,0,82.0
7,48,Yes,4,8,39.9
6,85,No,5,1,73.3
4,94,Yes,4,3,79.0
1,85,Yes,7,8,61.8
9,50,No,5,8,47.8
4,99,Yes,6,0,85.4
7,72,Yes,5,1,64.1
7,75,No,4,1,67.4
2,65,No,6,1,45.8
1,66,No,8,7,41.4
8,77,No,6,7,71.8
8,61,No,6,9,53.1
7,65,No,5,7,54.5
8,61,Yes,9,3,56.2
3,44,Yes,6,7,29.0
2,74,No,6,6,52.5
7,41,No,4,7,29.8
8,74,Yes,5,0,67.1
1,48,No,4,2,20.5
9,90,No,5,9,87.7
4,90,Yes,8,5,74.8
4,88,Yes,9,0,77.4
3,57,No,6,3,34.6
6,82,No,5,8,68.8
1,51,Yes,6,6,27.3
6,42,No,6,0,29.6
2,57,Yes,7,5,37.3
9,95,Yes,4,5,92.9
2,77,No,9,1,53.6
7,46,Yes,5,5,36.9
1,72,Yes,8,9,50.1
7,45,Yes,9,1,39.1
5,57,No,7,7,45.7
8,84,No,4,6,76.0
4,61,No,8,5,43.9
7,90,Yes,8,9,85.8
6,78,Yes,6,5,65.4
5,90,No,4,8,74.8
4,48,Yes,7,8,30.7
7,74,Yes,5,9,66.8
5,62,No,5,9,52.4
5,51,Yes,7,1,40.9
1,91,Yes,6,2,69.3
2,63,Yes,6,9,42.7
5,89,Yes,8,6,76.9
3,79,Yes,4,9,64.6
2,48,Yes,8,8,27.9
4,52,No,5,5,31.1
4,79,No,7,0,63.2
4,93,Yes,4,6,77.6
4,81,No,7,0,62.4
3,56,No,4,4,34.5
7,46,No,9,8,41.7
9,56,Yes,5,9,53.7
5,94,No,5,9,81.3
4,89,Yes,9,8,76.2
2,63,No,4,0,36.8
2,41,No,6,5,15.7
5,74,Yes,4,2,58.9
7,67,No,5,8,60.9
9,58,Yes,7,2,56.5
7,72,No,8,1,63.0
5,60,No,7,7,48.2
6,92,No,5,2,80.4
3,49,No,7,4,33.1
5,92,Yes,6,5,80.0
8,85,Yes,6,9,80.7
1,84,No,4,9,60.4
1,48,Yes,7,0,26.1
7,77,No,7,6,67.5
5,45,Yes,5,6,30.4
5,90,Yes,4,4,75.2
1,92,Yes,4,8,67.7
9,81,No,7,1,80.0
1,94,Yes,8,4,68.1
5,74,Yes,7,1,59.8
9,57,No,7,1,52.3
4,92,No,7,8,78.0
8,58,No,6,6,52.8
6,44,Yes,9,3,32.9
3,64,Yes,4,7,41.5
4,50,Yes,9,3,36.4
2,49,Yes,6,0,26.7
1,56,Yes,8,9,39.6
8,75,Yes,5,2,69.0
1,65,No,8,9,42.8
1,70,Yes,4,0,44.2
4,71,Yes,5,1,58.1
6,60,Yes,9,1,51.9
9,57,No,8,6,55.9
1,99,Yes,4,3,74.5
7,57,No,8,9,53.2
5,40,Yes,5,8,24.6
8,53,No,5,1,49.3
7,47,No,8,8,43.4
4,41,No,6,5,25.0
4,90,Yes,8,9,72.1
6,54,No,9,7,48.5
6,99,Yes,8,6,91.4
9,73,No,8,7,69.1
5,75,Yes,6,8,64.7
8,40,No,7,7,36.4
5,90,No,5,5,77.0
2,60,Yes,9,7,43.6
6,81,No,4,7,68.3
9,40,Yes,5,1,36.4
3,71,No,5,1,51.4
1,59,No,7,0,34.7
1,93,Yes,5,9,68.8
3,86,Yes,5,1,65.1
5,75,Yes,6,6,60.9
3,78,No,6,2,55.2
9,69,Yes,6,3,65.4
8,46,Yes,6,3,42.2
3,61,No,6,3,43.9
9,96,Yes,9,1,95.8
6,89,Yes,4,5,81.2
7,84,No,7,0,76.3
4,49,No,8,4,36.0
4,95,No,9,1,80.8
2,47,No,6,8,21.2
5,66,No,7,1,50.0
8,49,Yes,8,5,44.9
7,53,No,5,3,42.9
7,85,No,9,5,78.6
6,98,No,5,1,86.1
3,91,Yes,7,1,75.5
5,93,Yes,4,6,78.8
1,50,Yes,4,2,23.7
7,45,Yes,7,2,36.2
9,60,No,4,6,52.3
1,72,No,4,7,47.1
2,58,No,5,6,38.6
3,78,Yes,4,2,54.1
3,63,No,4,2,44.0
8,57,Yes,7,6,52.0
7,74,Yes,4,2,67.1
6,91,Yes,9,1,82.8
4,82,No,6,6,64.5
9,76,No,6,2,76.0
1,58,No,7,4,36.0
2,92,No,6,6,71.4
4,63,Yes,5,1,46.7
3,95,No,9,7,74.7
1,73,Yes,9,1,53.2
5,61,Yes,7,3,48.8
7,43,Yes,4,3,35.1
2,96,Yes,6,7,75.7
5,49,Yes,5,0,32.5
6,41,Yes,7,8,31.5
7,47,Yes,7,5,34.4
1,72,No,4,3,43.7
7,98,No,8,5,92.2
4,77,Yes,6,5,63.8
8,82,No,5,8,76.2
4,98,No,7,3,82.1
6,67,No,6,7,57.1
9,49,No,5,0,46.0
5,84,Yes,9,5,73.7
4,40,No,9,4,24.6
8,73,Yes,5,2,68.2
9,42,Yes,9,3,38.4
4,48,No,7,7,33.5
3,44,No,6,9,27.9
8,81,Yes,5,1,73.4
5,49,Yes,7,7,33.7
2,51,No,6,6,26.4
9,57,No,6,0,51.7
3,97,Yes,7,1,77.9
2,60,No,6,6,38.2
1,60,Yes,8,2,31.4
8,40,Yes,5,1,28.7
3,42,Yes,5,0,22.3
7,44,Yes,6,6,36.9
1,64,No,7,2,39.0
1,97,Yes,4,5,75.0
9,88,Yes,9,9,88.8
8,47,No,6,7,44.2
3,56,No,4,5,32.2
6,48,Yes,6,6,37.7
3,71,No,4,5,54.8
4,45,No,6,6,25.4
1,88,Yes,7,4,68.5
5,79,No,9,8,66.8
1,60,No,4,2,32.1
1,46,No,8,5,23.4
7,46,No,7,8,33.9
6,86,No,9,0,75.3
2,78,Yes,6,4,55.4
2,93,No,4,3,70.1
7,66,Yes,9,8,60.3
1,47,Yes,5,0,20.9
2,48,No,7,3,26.9
8,67,No,4,0,56.3
6,54,No,7,2,43.2
2,41,No,4,3,16.9
7,46,No,5,0,36.3
4,86,No,8,4,72.5
2,57,No,5,5,35.7
6,61,No,6,0,47.8
9,89,No,7,9,84.0
9,49,No,8,9,50.6
8,93,No,7,3,86.4
3,89,No,9,3,73.5
3,72,Yes,4,0,50.8
2,46,No,6,1,23.6
5,42,Yes,6,9,23.8
4,53,Yes,7,4,32.3
7,83,No,6,1,72.4
4,85,Yes,7,2,72.8
9,75,No,4,8,70.1
2,52,No,4,4,30.8
6,55,Yes,7,0,46.2
7,55,No,5,4,45.2
4,93,Yes,5,2,77.2
6,44,Yes,4,0,32.4
7,91,No,8,2,84.3
4,64,Yes,5,5,48.5
8,77,Yes,7,9,70.9
9,77,No,4,4,73.9
1,89,Yes,6,0,66.5
7,77,No,6,1,68.5
9,78,No,5,4,75.9
5,95,No,8,8,87.1
2,95,No,9,4,79.9
6,87,Yes,5,4,78.8
7,80,No,8,0,72.1
2,65,Yes,5,4,40.2
2,98,Yes,6,7,78.5
1,52,No,8,8,28.3
4,83,No,6,9,66.1
7,90,No,7,2,81.5
9,65,Yes,7,3,65.1
3,94,No,4,6,77.8
7,94,Yes,6,6,90.2
7,40,No,6,0,31.0
7,47,No,4,5,35.2
2,43,Yes,7,8,21.6
6,60,Yes,7,4,52.5
2,61,No,8,7,40.6
6,90,No,8,9,83.8
3,92,No,9,8,76.3
2,97,Yes,7,9,79.2
6,76,No,9,9,68.3
2,88,No,5,2,62.3
5,42,Yes,6,0,28.4
2,58,No,8,1,37.1
3,40,Yes,5,4,21.6
3,68,Yes,8,9,51.3
6,62,No,4,6,48.7
6,72,No,6,5,55.9
3,94,Yes,9,3,74.1
3,91,Yes,9,8,73.4
1,80,No,8,3,55.7
7,62,Yes,7,2,60.3
8,44,Yes,9,4,36.7
2,46,No,4,3,23.2
4,96,Yes,4,1,80.3
7,97,Yes,7,2,88.2
8,45,Yes,4,6,38.7
1,88,Yes,6,1,63.6
4,61,Yes,8,0,45.6
6,88,Yes,4,1,74.4
3,52,No,6,7,33.8
5,51,No,7,7,42.6
9,43,No,8,9,47.9
3,47,No,7,1,24.0
5,76,Yes,8,5,63.5
8,70,No,4,6,63.0
6,76,Yes,4,0,64.9
4,84,No,8,6,65.7
8,65,Yes,6,7,63.9
3,82,No,6,8,67.0
3,47,Yes,6,7,28.1
4,79,No,5,2,60.2
9,72,No,9,7,72.8
5,84,No,9,2,72.7
8,68,No,9,5,61.2
6,44,No,6,3,33.3
3,67,Yes,4,6,46.5
8,92,No,5,7,86.5
9,79,Yes,6,9,79.7
8,56,No,4,5,46.4
4,94,No,5,9,72.6
6,62,No,4,3,51.1
1,84,Yes,8,7,62.5
4,48,No,4,6,31.5
8,41,No,5,9,35.3
1,71,Yes,6,7,44.3
3,90,Yes,9,9,78.3
1,91,Yes,5,6,63.7
9,88,Yes,6,2,84.9
2,70,No,6,2,48.2
9,46,Yes,7,8,43.5
4,69,Yes,8,6,55.1
2,97,No,7,0,80.4
4,42,Yes,9,2,28.0
6,90,Yes,5,0,74.7
7,90,Yes,7,5,80.6
3,95,No,9,1,78.5
3,48,Yes,6,6,30.4
8,49,Yes,5,7,43.2
5,85,Yes,7,5,74.1
4,89,No,4,4,72.0
7,97,No,9,9,95.9
7,86,Yes,9,3,81.4
9,65,No,8,8,65.4
9,40,Yes,4,7,35.7
5,69,No,5,4,55.4
8,96,No,7,0,89.5
1,77,Yes,6,7,51.9
9,54,Yes,7,7,50.5
8,64,Yes,5,6,60.8
6,45,No,5,6,32.3
3,57,Yes,5,7,38.6
3,40,No,5,0,17.1
8,95,No,9,2,91.5
5,42,Yes,7,3,33.4
7,56,No,4,5,47.9
5,87,No,6,9,77.8
8,47,Yes,6,9,44.4
4,99,No,8,8,87.0
2,88,No,9,3,69.0
3,79,Yes,5,5,59.3
8,56,Yes,5,8,56.0
7,64,Yes,5,8,58.7
2,80,No,9,5,60.1
6,51,No,4,4,35.1
9,68,No,5,2,68.1
4,64,Yes,8,4,49.3
9,90,No,8,2,92.3
2,75,No,4,4,53.3
2,92,No,9,9,70.5
9,93,Yes,5,9,96.0
7,64,Yes,7,0,53.5
7,68,Yes,7,5,59.9
1,50,No,6,6,22.5
6,99,No,4,1,85.3
7,43,Yes,7,2,35.1
6,53,Yes,6,9,40.7
6,85,No,8,8,80.0
2,77,Yes,6,7,58.3
6,56,No,5,3,46.4
4,41,Yes,5,7,25.1
9,47,Yes,8,7,48.6
1,75,Yes,4,5,50.8
8,49,No,9,0,38.4
5,46,Yes,5,1,30.4
1,75,No,5,3,44.0
4,55,Yes,6,3,38.2
1,53,Yes,6,1,26.9
6,55,No,6,8,43.8
2,64,No,7,1,39.4
5,80,Yes,8,5,70.0
7,43,No,4,4,36.8
2,68,Yes,6,3,49.9
6,95,No,4,5,86.9
6,45,No,6,3,33.0
5,40,Yes,5,8,27.2
5,78,Yes,4,9,60.5
3,40,No,7,6,21.3
2,90,No,6,2,64.4
7,79,Yes,9,9,75.5
1,96,No,8,3,73.8
6,42,No,5,0,27.6
6,40,No,6,5,24.8
3,40,No,4,1,20.9
2,78,Yes,6,3,61.8
2,60,Yes,5,4,34.2
9,84,No,8,7,79.7
5,69,No,8,2,53.4
7,71,Yes,8,5,66.7
5,72,No,9,0,59.1
7,87,No,5,8,78.4
4,61,No,9,0,43.9
8,69,No,9,1,62.6
7,93,No,6,0,87.5
5,85,Yes,5,7,73.8
6,43,No,5,3,34.4
5,62,No,6,1,48.3
7,94,No,7,6,86.1
2,83,Yes,9,7,66.6
5,64,No,8,8,52.6
3,51,No,4,4,30.7
9,56,Yes,9,2,55.2
6,92,Yes,4,0,84.8
3,54,Yes,6,7,36.8
7,49,Yes,4,5,35.8
4,74,No,7,4,58.6
3,94,No,5,6,76.5
8,91,No,8,4,84.3
4,91,Yes,4,3,73.0
1,68,No,4,4,41.5
6,51,Yes,6,6,37.4
1,40,Yes,6,5,12.2
5,40,No,5,9,27.9
7,49,Yes,8,9,43.5
6,57,Yes,4,8,48.7
2,86,No,5,9,64.6
4,41,No,8,1,23.2
2,88,Yes,5,6,68.4
1,47,No,4,0,20.5
3,61,No,6,7,44.2
3,61,Yes,6,3,40.8
7,65,Yes,6,7,56.0
1,65,No,7,7,43.2
9,48,No,5,3,45.5
6,60,Yes,4,3,48.5
4,70,No,5,4,51.1
3,91,Yes,6,6,74.2
3,82,Yes,9,5,69.4
2,45,No,9,0,24.9
2,95,No,5,5,72.4
5,53,No,8,2,42.7
9,72,No,9,8,70.7
2,46,No,9,2,25.5
2,63,Yes,5,8,35.1
6,48,No,7,4,40.1
2,50,Yes,7,9,30.4
4,95,No,6,7,74.0
6,62,Yes,4,8,47.1
5,87,No,8,8,72.8
1,90,No,4,6,61.5
6,41,Yes,4,9,28.9
1,54,No,8,0,32.3
3,74,No,7,7,55.8
5,75,Yes,9,6,67.9
5,91,Yes,6,3,77.6
6,93,Yes,5,5,84.1
8,67,No,7,9,63.7
5,78,Yes,6,1,63.6
1,83,Yes,9,3,62.0
5,43,No,7,7,27.6
3,49,No,8,3,35.5
4,45,No,4,9,27.8
8,96,No,8,3,90.7
7,69,No,9,3,58.0
5,93,No,5,9,80.0
2,85,Yes,8,8,68.6
6,74,Yes,9,1,63.7
6,88,No,4,6,78.4
6,82,Yes,7,2,75.6
9,49,Yes,6,3,41.3
8,97,Yes,9,0,93.4
8,92,Yes,9,2,91.3
1,71,No,5,1,47.9
5,81,No,7,9,67.3
7,81,Yes,9,6,79.1
6,42,No,9,5,32.3
5,95,Yes,6,0,81.5
8,65,Yes,4,7,56.9
3,54,No,8,8,36.5
6,56,Yes,7,0,49.1
5,66,No,6,4,50.5
8,57,No,6,6,51.1
4,90,No,8,1,73.8
8,58,No,7,5,54.8
2,51,No,7,7,28.6
9,63,No,4,7,58.7
9,44,No,7,9,42.7
6,63,No,9,9,56.5
4,66,No,8,7,52.3
4,87,Yes,7,5,70.8
6,69,No,4,5,58.3
5,54,Yes,6,2,40.0
6,86,No,9,1,77.9
7,98,Yes,7,4,88.7
7,77,No,8,8,72.6
9,83,No,7,3,74.1
8,73,No,5,4,66.6
6,66,Yes,4,5,53.8
6,59,Yes,6,5,46.3
5,80,No,5,3,63.3
1,71,Yes,8,3,49.3
9,43,No,7,7,37.9
9,44,Yes,4,4,41.7
9,92,Yes,9,4,92.5
8,97,Yes,7,8,97.7
3,47,No,7,3,24.4
1,61,Yes,7,6,36.2
8,81,Yes,9,4,76.2
7,46,No,7,8,35.0
5,61,No,4,7,46.5
7,85,Yes,9,7,83.4
4,69,Yes,9,9,58.7
9,76,No,5,9,70.3
2,55,No,8,2,32.5
9,54,No,9,8,52.8
9,44,No,5,7,44.1
5,42,No,4,2,23.5
1,62,Yes,8,9,39.7
7,49,No,9,0,43.4
4,44,No,6,4,24.2
9,62,Yes,5,3,59.9
6,54,No,4,7,46.2
3,57,No,4,5,34.3
6,64,No,4,9,49.6
6,47,Yes,8,4,39.6
5,70,No,7,8,57.3
2,60,No,6,5,37.9
2,41,No,8,2,16.9
7,61,No,8,5,54.0
2,47,Yes,9,3,26.5
6,62,Yes,5,4,48.8
5,71,No,6,5,57.6
4,47,No,4,8,27.6
7,43,No,8,2,35.2
8,69,No,6,0,60.1
4,58,No,5,1,38.8
1,62,No,7,7,43.3
1,57,No,6,3,38.3
1,92,Yes,4,6,68.0
1,68,No,8,1,42.1
5,62,Yes,7,9,51.9
4,72,Yes,5,7,54.9
9,91,No,4,9,94.2
3,86,Yes,7,8,71.1
7,57,Yes,9,6,51.9
8,93,Yes,9,9,90.0
6,83,No,5,0,73.5
1,72,Yes,4,1,46.1
8,46,Yes,8,8,44.5
3,90,No,5,9,71.5
8,67,No,7,6,67.1
4,40,Yes,4,2,18.6
8,95,No,9,4,94.4
1,78,No,9,0,56.2
3,73,Yes,6,9,52.5
6,78,Yes,4,2,72.0
9,58,Yes,7,3,52.0
2,70,No,7,3,49.7
1,52,Yes,6,6,24.2
3,96,Yes,7,4,77.6
4,63,No,4,8,44.4
5,44,No,9,6,28.7
3,62,No,5,1,43.6
2,58,No,9,7,38.6
2,40,Yes,9,1,18.3
7,72,Yes,4,6,61.3
9,98,Yes,7,4,97.9
2,89,No,6,9,64.8
7,95,Yes,6,5,87.4
7,72,No,8,3,67.8
7,71,No,6,4,63.3
3,98,No,6,4,80.1
7,67,Yes,7,6,58.6
1,76,No,5,3,51.6
1,80,Yes,5,4,55.6
5,51,Yes,7,3,39.0
2,48,Yes,6,3,32.1
9,89,No,4,7,83.5
7,94,Yes,9,4,90.1
4,50,Yes,9,8,36.2
4,72,No,5,4,57.1
2,58,Yes,7,7,36.7
5,93,No,4,2,75.8
4,96,Yes,6,6,81.2
1,81,No,7,0,61.9
8,73,No,5,4,64.6
3,46,No,4,1,28.1
6,70,No,4,7,57.8
4,91,No,5,5,74.1
9,41,Yes,4,4,35.2
7,58,Yes,9,2,50.7
9,77,Yes,5,0,77.0
3,71,Yes,9,9,53.5
1,49,No,7,9,29.7
5,80,No,8,9,72.4
3,47,Yes,6,9,32.0
6,65,No,7,7,59.8
8,69,Yes,9,4,66.2
4,50,No,6,8,33.2
5,80,No,6,6,68.0
5,59,Yes,9,0,47.8
4,99,Yes,9,0,88.0
4,59,No,5,6,38.9
4,48,Yes,8,6,34.8
4,47,Yes,9,8,35.3
4,99,Yes,6,1,82.3
5,54,Yes,6,6,40.3
2,73,No,7,1,50.7
2,63,No,8,9,42.5
9,72,No,8,9,71.4
2,80,No,6,1,55.7
6,80,Yes,8,4,71.9
2,84,Yes,7,8,64.9
5,79,Yes,5,8,65.5
4,66,No,6,9,50.6
7,60,No,4,0,51.5
7,44,No,6,6,36.2
6,74,No,6,9,63.9
5,60,Yes,5,9,50.1
1,43,Yes,9,2,19.3
3,88,Yes,9,9,72.5
9,87,No,4,9,86.3
1,55,No,4,0,29.6
5,96,No,4,1,81.2
2,70,No,9,5,52.9
4,65,No,5,9,47.9
1,91,No,8,1,66.1
3,74,Yes,4,1,51.0
7,45,No,8,3,37.9
3,72,No,7,2,53.8
4,60,No,5,7,38.5
2,55,Yes,8,7,33.6
3,86,Yes,9,5,71.5
9,78,No,9,3,77.6
3,73,Yes,4,6,57.9
5,81,Yes,4,8,74.1
2,96,Yes,8,1,75.7
4,99,No,9,5,87.3
7,54,Yes,8,6,48.0
7,45,Yes,7,0,35.5
3,41,Yes,5,5,23.8
5,63,No,9,7,54.0
1,95,Yes,6,6,75.7
1,88,No,9,1,71.5
5,67,Yes,7,1,54.9
9,40,No,9,3,38.4
1,40,No,7,4,14.1
1,67,No,9,4,42.9
4,75,No,7,1,57.5
4,59,No,4,6,42.1
2,87,Yes,8,7,66.2
9,47,Yes,9,1,50.2
9,40,Yes,5,3,37.0
2,65,No,4,2,42.1
9,90,No,7,3,92.3
6,82,No,5,4,72.2
8,88,Yes,4,5,80.6
4,64,No,6,1,45.2
2,49,No,9,9,31.5
2,51,No,9,5,34.4
9,80,No,7,8,80.1
1,46,Yes,4,7,21.3
7,51,No,4,0,43.7
3,86,No,7,8,70.7
3,79,No,6,9,60.0
2,56,No,9,1,33.8
6,44,Yes,8,0,40.5
2,53,No,6,5,31.8
4,73,Yes,7,0,57.4
9,87,Yes,8,5,87.4
9,56,No,4,1,51.9
6,74,No,6,6,60.9
4,94,Yes,6,6,77.4
7,40,No,9,3,32.4
1,98,No,9,1,71.6
4,89,Yes,8,6,76.4
5,89,Yes,4,0,74.3
8,75,Yes,6,1,71.7
2,54,Yes,8,1,34.9
5,99,Yes,6,0,82.0
6,58,Yes,9,8,52.8
5,90,No,4,5,75.9
9,81,No,4,2,77.3
1,44,No,5,5,15.1
3,58,No,8,6,40.1
2,82,No,9,2,65.5
3,78,No,9,3,64.6
9,44,No,9,9,45.8
9,91,No,7,0,86.6
2,51,No,6,5,26.8
3,58,Yes,4,5,33.0
4,86,Yes,6,8,68.7
9,51,No,6,1,43.5
3,75,No,7,4,56.9
7,51,Yes,4,4,41.4
3,57,Yes,5,6,38.6
7,88,Yes,9,4,80.1
7,90,No,8,9,85.8
9,87,Yes,6,3,86.0
2,82,Yes,7,9,63.4
6,73,Yes,7,1,64.9
9,87,No,8,7,85.7
2,72,Yes,8,4,47.2
2,88,No,4,3,68.0
5,57,Yes,6,8,47.4
8,96,Yes,6,1,92.2
9,68,No,8,2,70.7
2,84,Yes,9,7,65.7
5,44,Yes,5,3,26.8
7,64,Yes,6,8,56.9
6,63,No,7,9,49.6
6,68,No,9,9,58.2
7,98,No,8,9,93.0
3,77,Yes,6,9,58.3
3,72,No,4,8,52.9
9,49,Yes,8,9,49.7
8,76,Yes,7,8,75.8
5,99,Yes,4,0,88.4
6,72,Yes,8,5,60.1
1,62,Yes,8,9,43.1
1,97,Yes,6,5,77.0
4,50,Yes,4,7,30.5
2,63,Yes,8,6,49.3
7,63,No,9,6,58.0
2,46,No,7,1,28.5
2,89,Yes,4,3,62.2
5,60,No,9,0,48.0
4,59,No,6,6,44.5
8,92,No,5,3,85.9
4,49,Yes,8,8,32.3
6,64,No,5,5,47.4
5,86,Yes,8,5,74.1
2,75,No,9,8,52.9
8,87,No,6,7,87.8
2,86,No,6,5,65.1
9,54,Yes,6,5,50.7
9,83,Yes,6,5,84.4
3,79,Yes,4,3,59.0
4,79,Yes,4,4,56.7
8,89,Yes,8,2,84.3
9,45,Yes,4,8,40.0
3,76,Yes,8,1,61.2
5,41,Yes,4,6,23.6
8,51,Yes,4,0,42.8
3,97,No,4,9,74.1
7,43,No,7,6,35.7
8,62,Yes,6,1,58.4
3,52,No,7,4,34.8
2,56,No,4,0,30.4
7,70,Yes,4,4,64.8
9,55,Yes,7,3,52.4
1,80,No,9,0,57.5
3,65,Yes,8,0,47.9
5,67,No,6,6,52.0
3,40,Yes,8,2,18.1
1,86,No,9,9,69.7
7,51,Yes,6,8,38.5
7,76,No,5,8,69.0
8,94,No,6,9,90.2
5,95,No,8,8,85.5
5,89,No,6,0,75.1
5,59,Yes,5,3,39.3
1,41,No,5,0,17.7
5,75,Yes,4,0,62.5
6,54,No,5,8,38.0
1,77,Yes,7,4,52.3
7,61,No,8,0,54.9
1,83,Yes,7,2,58.0
2,89,No,9,6,70.4
2,71,No,7,1,55.8
5,98,Yes,8,3,86.3
7,59,No,9,1,51.1
1,75,No,7,8,49.5
1,72,No,7,8,53.8
1,54,No,9,6,26.9
6,89,Yes,7,6,81.0
2,85,No,5,1,64.6
1,42,Yes,8,9,16.7
6,68,Yes,8,7,55.1
2,86,Yes,8,0,64.5
6,66,Yes,7,7,58.2
8,44,No,5,4,37.9
2,98,No,8,3,79.4
9,95,Yes,6,9,94.7
8,70,No,8,1,63.5
1,61,No,4,2,33.0
7,74,Yes,6,9,67.4
6,93,Yes,8,1,85.3
6,46,Yes,7,3,34.8
6,45,No,8,2,36.7
6,65,Yes,5,4,56.7
7,93,Yes,5,6,89.4
3,40,No,8,8,19.3
6,58,No,7,4,46.9
3,46,No,7,7,27.8
7,75,No,7,1,68.9
7,51,No,8,5,47.0
8,59,No,8,7,56.7
2,62,No,4,8,38.6
9,64,No,5,3,63.6
5,69,Yes,6,3,55.9
9,98,No,6,6,95.2
5,68,Yes,5,3,57.2
7,70,No,9,4,61.2
9,57,No,4,1,54.2
4,80,Yes,5,1,59.2
2,58,No,4,9,35.3
9,93,Yes,9,4,95.3
2,43,No,4,9,21.8
3,40,Yes,7,9,25.5
2,80,Yes,5,1,56.2
3,98,No,6,5,79.6
6,54,Yes,8,5,46.6
3,93,Yes,9,7,79.8
8,47,No,9,0,41.6
6,54,No,8,6,43.4
7,54,Yes,5,6,44.4
1,89,No,8,8,68.8
3,78,Yes,4,3,57.4
3,61,Yes,8,6,43.9
2,57,Yes,4,5,34.2
7,55,No,4,3,42.0
9,41,No,6,9,36.8
4,75,Yes,8,7,58.8
5,59,Yes,6,2,45.1
3,55,Yes,8,7,37.6
9,42,No,4,4,35.5
4,95,Yes,8,3,82.8
5,69,No,9,2,55.5
1,94,Yes,9,9,80.2
2,41,Yes,6,6,18.7
9,74,Yes,7,6,72.4
2,65,Yes,9,5,45.3
5,96,No,6,2,82.9
8,44,No,7,8,39.7
3,41,No,5,1,21.1
6,90,No,6,2,83.4
4,95,No,9,0,82.7
7,59,Yes,9,6,52.6
3,73,No,8,1,55.5
6,73,No,7,9,64.8
9,93,No,9,7,93.1
1,95,No,8,8,73.6
3,94,Yes,7,1,77.4
2,59,Yes,6,5,42.5
8,89,Yes,6,0,86.1
7,64,No,8,7,57.3
2,59,Yes,6,4,40.5
6,64,Yes,8,8,58.4
3,92,No,4,2,72.6
8,53,No,7,1,47.4
3,99,No,8,6,85.7
9,86,Yes,7,6,88.0
1,83,No,4,9,57.6
5,82,Yes,7,4,70.8
3,82,Yes,8,6,63.9
6,78,Yes,6,5,71.8
2,51,Yes,7,8,29.2
9,87,Yes,7,2,85.2
6,44,No,9,3,34.8
7,41,Yes,9,8,34.7
5,93,Yes,4,9,78.7
9,55,Yes,5,7,51.1
1,94,Yes,6,9,69.7
5,69,Yes,8,5,57.8
6,86,No,4,2,75.3
7,82,Yes,8,8,73.7
4,77,Yes,8,8,62.6
1,84,Yes,7,5,63.6
8,90,Yes,4,1,85.1
4,81,No,4,6,56.9
3,63,Yes,9,8,45.0
7,90,Yes,6,8,82.6
2,69,Yes,5,2,44.4
8,76,Yes,8,1,73.2
6,96,No,6,4,82.0
7,98,No,9,9,96.0
5,92,No,6,6,73.8
9,78,Yes,8,2,76.5
5,50,No,7,3,39.8
5,53,No,7,9,39.4
3,62,No,8,1,43.7
1,92,No,9,9,72.7
2,55,No,9,1,38.5
8,89,Yes,4,6,83.1
1,60,No,5,1,33.5
7,94,No,7,0,86.0
5,94,No,5,3,77.2
3,43,Yes,6,5,22.8
7,72,Yes,6,9,64.1
9,93,No,8,9,93.7
2,86,Yes,8,3,72.8
8,53,Yes,8,0,52.7
9,58,No,9,0,55.7
3,98,Yes,7,8,83.0
2,44,No,5,0,19.0
7,75,No,6,6,68.5
5,70,No,5,6,56.0
5,84,Yes,7,0,71.9
5,57,No,5,0,42.0
4,83,No,5,5,65.7
5,70,Yes,9,7,60.7
4,94,No,8,6,81.7
6,69,Yes,9,5,59.9
4,60,Yes,9,9,45.0
2,86,No,5,2,65.4
9,69,Yes,5,6,68.2
2,94,No,9,5,76.5
9,80,Yes,5,7,75.9
6,43,Yes,9,3,31.9
9,44,Yes,4,8,39.0
9,80,Yes,9,0,79.6
3,84,No,6,6,61.0
1,49,No,6,8,24.6
1,66,Yes,5,9,44.2
3,55,No,9,0,34.4
5,69,No,9,9,57.0
3,52,No,8,2,31.5
9,75,No,8,6,70.7
9,60,No,8,8,61.1
3,84,No,9,0,66.8
3,92,No,9,5,75.5
5,79,Yes,6,1,66.0
2,84,No,7,4,63.1
6,54,Yes,5,6,43.4
7,59,Yes,6,6,56.0
9,59,Yes,8,9,57.6
6,84,No,6,6,77.9
3,94,No,6,3,74.5
5,98,Yes,6,5,84.6
4,44,Yes,8,9,31.1
5,93,No,7,5,80.8
8,93,No,4,6,84.1
8,99,No,5,8,96.1
6,71,Yes,5,5,59.6
1,45,Yes,6,9,20.8
8,69,No,7,0,63.1
8,65,No,8,7,62.9
2,76,Yes,4,1,56.2
4,52,No,4,2,35.5
2,68,No,6,4,44.6
4,44,Yes,6,5,26.2
7,64,Yes,8,6,56.1
9,52,Yes,8,3,53.2
8,63,Yes,9,2,58.4
9,70,No,8,8,73.2
8,59,Yes,6,3,52.8
2,94,No,7,8,74.2
7,47,No,6,8,37.9
2,99,No,6,2,75.6
2,48,Yes,4,2,25.0
4,60,Yes,8,7,50.7
1,90,No,5,0,63.3
5,59,No,8,5,46.2
6,54,Yes,9,5,43.3
9,65,No,7,8,66.2
8,93,No,7,1,92.0
2,81,No,8,7,63.1
1,50,No,8,6,23.0
2,76,No,6,1,53.7
7,80,No,5,0,70.1
4,50,No,6,3,31.4
5,66,No,4,1,54.3
7,69,Yes,4,2,56.7
3,58,Yes,7,1,42.5
2,73,No,7,8,50.3
7,77,No,5,3,65.5
5,62,Yes,7,0,44.0
1,92,Yes,9,7,71.2
1,40,Yes,4,3,15.5
9,42,No,5,9,37.5
5,42,Yes,4,7,23.6
1,67,Yes,8,7,48.6
7,53,No,8,8,50.1
9,91,Yes,5,9,93.5
1,69,No,6,6,44.4
4,97,Yes,9,3,88.6
3,93,Yes,9,1,76.7
5,44,Yes,7,5,27.4
7,88,Yes,5,3,81.5
8,54,Yes,9,5,48.2
2,77,No,7,7,59.5
7,53,No,4,2,42.1
1,53,Yes,6,0,26.7
7,96,No,7,4,90.4
8,98,Yes,8,2,92.1
2,88,Yes,8,5,70.7
9,47,Yes,4,2,41.7
1,47,Yes,5,0,19.3
6,58,Yes,7,8,47.8
1,71,No,4,4,45.3
3,70,No,8,1,49.0
6,68,No,8,1,57.3
3,80,No,8,8,62.0
8,50,Yes,6,0,43.7
5,84,No,6,9,72.6
2,52,Yes,8,2,31.4
4,66,Yes,9,9,55.4
9,95,No,5,6,89.5
4,58,No,6,0,41.8
8,65,Yes,7,1,57.2
5,92,Yes,6,5,79.1
1,90,Yes,7,8,66.9
7,76,No,6,8,68.6
3,87,Yes,8,7,71.2
8,48,Yes,7,2,46.1
3,67,Yes,5,1,47.2
1,71,Yes,6,0,48.7
5,91,No,6,8,73.2
2,93,No,8,4,72.7
4,42,Yes,7,2,27.2
1,90,No,9,9,71.2
9,71,Yes,8,9,71.0
6,44,No,7,4,34.8
8,47,No,6,2,41.8
4,53,No,6,8,34.9
9,95,No,6,0,90.2
2,42,Yes,6,0,15.6
9,63,Yes,4,2,60.6
5,52,Yes,6,5,34.2
6,82,No,6,1,71.8
3,68,No,9,0,46.2
4,47,Yes,9,7,32.1
6,90,No,7,9,80.5
7,81,No,6,8,74.3
1,70,Yes,6,9,47.3
7,65,No,7,0,56.5
1,57,Yes,6,2,30.6
5,97,No,6,4,85.3
6,57,Yes,8,6,43.1
2,96,No,4,9,76.4
9,46,No,7,3,39.5
6,87,No,8,5,78.9
7,77,No,9,0,65.0
8,87,No,5,3,80.9
1,55,Yes,5,7,29.6
8,94,No,9,4,93.9
4,95,Yes,4,7,77.3
8,99,Yes,5,0,91.6
6,72,Yes,4,9,62.8
9,95,No,5,8,93.6
4,90,Yes,5,3,74.3
2,42,No,8,8,23.6
2,77,No,5,7,55.7
5,43,No,9,7,38.8
9,75,Yes,4,1,67.7
3,43,No,6,2,21.0
8,81,No,6,9,76.9
4,48,No,6,8,33.9
6,79,Yes,4,2,67.7
6,90,Yes,4,7,83.5
3,56,Yes,6,4,37.6
5,56,Yes,9,6,48.2
3,72,No,5,3,51.6
1,59,Yes,6,7,41.3
7,53,No,7,3,43.7
4,61,Yes,4,4,42.3
7,91,No,7,0,78.9
3,66,Yes,7,9,45.5
5,82,Yes,4,7,67.8
5,42,Yes,6,6,27.3
2,63,No,9,4,41.0
2,69,No,8,5,51.4
4,47,Yes,7,0,28.9
4,61,Yes,6,7,47.5
4,64,Yes,8,8,51.4
6,99,Yes,7,4,92.5
2,49,Yes,6,9,26.5
6,88,Yes,7,6,78.1
7,68,No,6,9,62.2
3,79,No,9,3,64.4
8,93,No,5,5,86.7
2,40,No,5,1,13.5
8,91,No,4,3,84.6
5,60,No,8,4,49.8
2,78,Yes,7,8,56.5
7,63,Yes,7,8,59.1
2,48,Yes,6,7,25.8
6,99,Yes,8,3,93.0
3,83,Yes,7,5,62.5
9,93,No,8,6,93.2
3,65,No,8,0,44.7
3,48,No,5,0,28.2
5,59,No,7,3,45.9
7,95,No,7,2,87.2
8,74,Yes,4,9,65.0
7,75,No,8,3,71.5
9,81,No,6,8,78.8
5,75,No,5,1,60.1
3,93,Yes,4,3,74.3
6,48,Yes,5,6,36.9
5,61,Yes,6,1,45.7
4,40,Yes,4,7,23.7
2,44,Yes,5,9,25.0
7,48,Yes,6,3,38.8
5,76,No,9,8,69.0
4,77,No,4,0,59.4
8,58,No,6,6,53.6
9,47,Yes,4,0,47.0
9,81,Yes,7,9,84.2
3,82,Yes,7,8,66.6
3,71,Yes,5,9,53.6
5,52,No,8,9,41.4
5,59,Yes,9,0,42.7
2,75,Yes,8,2,57.4
1,82,Yes,6,6,57.6
8,83,Yes,4,0,73.9
3,76,Yes,7,4,55.6
1,69,No,8,5,43.9
1,49,Yes,7,2,26.3
2,70,Yes,9,5,49.7
6,64,No,6,3,49.7
6,68,Yes,9,5,62.5
3,63,Yes,9,5,46.5
4,78,No,6,3,62.1
2,60,No,4,0,31.6
2,80,No,9,2,61.5
7,48,No,8,9,41.9
1,81,No,6,6,55.5
7,81,No,6,1,68.5
1,41,No,7,3,14.5
6,43,No,5,5,40.6
3,47,No,9,4,27.3
8,71,No,8,5,63.2
6,53,Yes,4,4,40.4
2,88,No,9,8,69.9
8,52,No,4,1,42.3
5,60,No,7,3,42.3
8,63,No,9,0,57.6
8,89,No,4,6,82.1
6,57,Yes,9,0,45.4
2,84,Yes,6,5,62.9
8,79,Yes,9,9,78.8
6,65,No,8,9,56.1
6,71,No,9,8,60.6
8,83,Yes,4,1,76.2
1,96,No,8,0,78.2
2,94,No,4,9,65.5
9,95,Yes,5,2,94.9
8,92,No,5,5,83.0
7,72,No,8,6,66.9
7,91,No,5,7,84.1
5,70,No,5,3,55.7
2,57,No,6,7,36.4
6,74,No,4,6,61.7
3,51,No,5,7,30.4
4,90,Yes,8,4,79.4
2,64,Yes,6,9,48.1
2,84,No,5,6,60.3
8,70,No,9,3,66.8
8,49,Yes,8,0,44.2
6,86,Yes,4,2,74.1
5,91,Yes,9,9,83.7
8,73,Yes,5,8,71.4
4,90,Yes,8,3,75.7
4,42,Yes,9,4,28.6
5,85,Yes,8,2,72.0
1,78,No,7,5,53.1
1,47,Yes,9,3,23.2
2,71,Yes,8,4,52.6
8,82,Yes,9,6,85.4
7,68,No,7,6,57.9
9,61,No,4,8,59.4
5,59,No,4,1,41.6
2,45,Yes,6,3,22.5
7,82,Yes,9,7,81.2
8,88,Yes,7,3,86.4
7,68,No,8,2,61.4
7,81,No,6,9,74.0
5,95,No,9,5,84.9
2,56,No,6,2,32.8
6,70,No,9,1,60.0
4,92,No,4,8,74.6
2,73,Yes,8,2,51.9
9,77,No,7,0,73.9
7,96,No,4,8,84.6
6,76,No,6,4,68.5
5,43,No,5,6,29.5
3,41,Yes,6,1,19.1
4,51,Yes,5,0,31.9
3,74,No,9,5,60.6
8,45,Yes,4,4,39.1
3,95,Yes,9,9,79.0
7,85,Yes,7,5,77.9
7,47,Yes,8,1,41.3
7,60,Yes,5,6,51.1
7,92,Yes,8,0,88.1
2,97,Yes,9,7,80.5
3,85,No,4,6,66.7
9,74,Yes,4,6,73.3
3,87,No,9,5,71.4
2,54,Yes,9,9,40.9
9,46,Yes,4,4,42.9
9,54,Yes,7,8,53.1
4,84,No,5,2,64.7
9,45,Yes,8,8,46.3
3,86,No,6,4,63.1
7,56,Yes,9,7,55.1
7,43,Yes,9,2,38.1
8,61,No,4,6,52.9
4,71,Yes,8,9,59.6
3,98,Yes,8,3,80.5
3,61,Yes,7,4,47.1
5,66,No,5,3,52.6
1,85,Yes,7,8,60.1
3,54,Yes,7,6,34.9
6,99,Yes,8,5,89.9
3,83,No,5,5,61.5
5,90,Yes,5,9,74.6
9,61,No,5,6,57.5
2,67,Yes,4,4,42.1
2,81,Yes,5,9,62.3
6,77,No,8,2,64.3
6,99,No,4,2,85.5
8,96,No,6,6,88.2
2,48,No,9,9,32.6
9,73,No,7,0,73.1
2,75,Yes,5,3,55.3
1,48,Yes,6,9,24.8
2,54,No,5,7,30.7
7,84,Yes,7,3,81.3
8,59,Yes,8,0,53.6
5,47,No,8,4,36.7
6,97,No,7,0,88.3
1,67,No,6,8,45.3
6,90,Yes,4,7,81.8
8,58,No,9,6,55.7
3,96,Yes,9,4,82.0
1,55,No,9,3,33.4
4,50,No,4,6,33.4
1,81,No,5,2,60.0
8,47,No,7,7,39.1
5,72,Yes,7,4,56.2
1,49,Yes,4,4,22.2
8,57,Yes,6,0,46.2
9,74,No,9,9,72.3
2,82,Yes,7,7,63.6
9,89,Yes,8,6,89.4
8,42,Yes,8,0,37.5
7,79,No,7,3,70.7
3,66,Yes,9,3,45.3
2,98,No,9,8,82.8
7,67,No,9,9,62.4
5,85,Yes,6,1,69.4
6,45,Yes,8,3,39.5
4,86,No,6,9,73.0
2,53,No,4,2,28.6
9,46,No,5,9,41.6
3,49,Yes,9,4,36.2
7,54,No,4,6,42.7
8,70,No,5,4,61.8
2,68,No,8,4,45.9
6,81,Yes,5,3,69.5
8,93,No,5,8,90.0
7,56,No,7,5,47.3
3,98,No,5,9,76.7
1,90,No,7,5,63.0
6,68,No,5,5,55.3
8,88,Yes,7,5,86.6
6,83,Yes,8,0,73.1
5,54,No,8,5,42.0
8,65,No,5,3,57.5
2,51,No,6,1,28.2
1,64,No,8,5,41.9
1,80,No,4,0,55.7
4,44,No,4,0,25.1
6,43,Yes,7,4,29.5
9,83,No,6,5,81.7
1,87,No,9,1,68.5
1,80,Yes,7,9,56.2
5,96,Yes,5,7,86.4
5,70,Yes,8,3,62.2
5,42,Yes,6,3,28.0
6,92,No,7,9,83.4
8,42,Yes,7,4,34.6
3,65,Yes,4,9,47.9
9,89,Yes,5,3,87.9
1,56,No,7,4,30.0
4,99,No,4,9,83.3
9,49,No,6,2,47.5
8,41,Yes,7,7,38.3
9,63,No,9,5,64.6
1,50,Yes,9,7,28.3
9,63,Yes,4,4,59.4
3,74,Yes,9,6,63.6
9,62,Yes,5,9,57.7
1,71,No,8,6,51.5
1,62,No,9,5,36.9
9,73,No,6,9,73.9
6,80,No,7,3,69.5
4,58,Yes,4,5,41.8
7,41,Yes,7,8,35.9
5,99,Yes,8,3,90.4
7,90,Yes,7,5,84.6
8,41,Yes,7,5,35.2
8,54,No,4,2,47.0
1,95,No,8,3,75.8
8,60,Yes,6,2,51.0
6,74,Yes,4,2,65.8
4,44,No,8,9,30.1
8,82,No,8,3,80.5
3,66,Yes,7,3,45.3
4,63,No,5,5,45.2
6,46,No,5,3,34.3
7,45,Yes,6,5,34.7
4,85,Yes,7,1,72.4
4,72,No,5,3,59.4
7,97,No,4,1,86.8
6,88,Yes,6,7,78.1
8,56,No,7,8,49.4
1,85,No,9,6,69.4
7,81,No,4,5,70.0
7,69,Yes,5,7,60.0
7,47,No,5,3,39.1
7,79,No,5,9,70.1
8,85,Yes,5,1,79.5
9,46,Yes,8,3,41.5
9,45,No,9,4,39.3
2,43,Yes,6,8,20.8
7,40,Yes,6,4,29.7
7,54,No,5,8,49.5
4,70,Yes,6,8,54.0
9,64,No,9,7,57.8
8,86,No,4,4,80.8
1,72,Yes,4,1,44.5
2,91,No,6,4,65.4
2,74,No,5,0,51.7
8,94,No,7,7,92.1
1,44,No,9,1,19.2
4,44,No,5,6,26.1
5,75,Yes,8,1,62.9
9,56,Yes,7,4,52.1
7,92,No,9,9,85.4
8,91,No,8,6,85.8
9,53,Yes,6,5,51.7
7,97,No,8,4,92.6
5,68,No,6,5,56.5
5,47,No,8,1,33.4
6,73,Yes,7,9,64.5
5,79,No,8,0,64.8
9,40,Yes,5,0,38.0
3,68,No,6,7,49.0
3,75,No,4,2,56.8
7,90,Yes,8,2,84.0
7,76,Yes,6,8,68.1
6,68,No,4,5,54.7
3,44,No,6,3,20.4
7,92,No,6,3,84.8
5,71,Yes,4,6,54.5
7,99,No,4,5,87.8
2,91,Yes,7,1,68.0
6,63,No,9,8,59.2
8,58,No,8,1,54.6
1,51,No,8,7,28.0
4,91,No,6,3,75.4
1,40,No,5,9,13.9
1,46,No,5,0,20.0
8,56,No,9,0,55.2
7,73,Yes,6,8,64.9
1,82,No,7,3,60.4
2,46,No,4,0,20.2
4,56,No,6,2,40.4
1,98,No,8,2,77.5
3,42,Yes,5,6,23.4
8,68,Yes,5,5,56.2
8,61,No,5,7,56.1
8,77,No,7,6,69.8
6,93,Yes,8,0,87.6
6,82,Yes,7,2,72.9
5,68,Yes,4,8,54.0
9,89,No,6,3,87.1
4,89,Yes,6,2,71.6
7,93,Yes,5,4,88.9
1,81,No,5,7,56.1
9,44,No,4,0,40.2
7,69,No,7,1,60.8
9,62,Yes,9,6,68.3
7,94,Yes,9,0,90.7
2,60,Yes,9,4,36.7
6,95,Yes,8,9,91.4
4,65,No,4,7,47.7
3,93,Yes,6,5,71.7
2,86,No,6,2,62.5
6,60,Yes,7,6,45.8
8,59,Yes,4,2,55.3
6,62,Yes,8,4,51.2
9,43,No,4,6,38.9
5,60,Yes,4,1,41.9
2,60,No,7,9,39.0
8,40,No,8,3,35.8
9,54,No,9,1,55.1
4,56,No,6,6,37.2
6,90,Yes,5,2,78.8
8,53,Yes,9,8,49.5
9,98,No,8,5,99.1
5,58,No,6,0,41.7
6,89,Yes,9,9,82.2
4,99,Yes,7,7,82.8
5,73,No,8,6,64.3
7,45,Yes,8,0,37.5
9,84,Yes,6,2,82.7
6,88,Yes,6,2,74.2
6,45,No,4,2,30.1
8,92,No,4,6,88.1
4,93,No,8,5,77.0
3,44,No,5,1,20.0
7,46,No,7,4,39.7
5,72,Yes,6,5,56.4
2,52,Yes,4,1,26.7
2,90,Yes,7,0,71.1
6,93,No,9,3,82.1
8,40,Yes,9,3,38.2
1,52,No,8,3,26.6
6,82,No,6,0,74.2
2,66,No,9,2,45.0
2,46,No,6,6,23.7
7,91,No,4,3,82.8
1,42,No,9,1,17.9
6,97,Yes,5,7,88.6
7,64,No,9,0,60.8
8,72,Yes,6,8,66.8
7,79,No,5,4,70.5
6,56,Yes,7,1,44.6
9,84,No,9,3,86.9
3,53,No,6,2,32.0
6,76,Yes,9,6,63.8
4,97,No,9,5,83.5
2,95,No,6,8,72.6
1,93,Yes,5,3,66.6
1,62,Yes,4,2,38.8
3,98,No,9,6,84.2
4,63,Yes,8,5,47.2
2,68,Yes,7,4,46.9
1,77,No,6,9,53.2
4,98,Yes,9,6,85.0
7,93,No,4,4,86.6
6,66,Yes,6,8,60.8
6,77,No,9,3,68.9
9,92,No,7,0,86.2
2,79,No,8,9,57.2
4,84,Yes,6,4,69.4
5,89,No,9,0,79.8
1,62,Yes,5,0,36.4
8,70,No,4,0,62.6
8,75,No,8,0,72.7
6,56,No,6,7,40.7
5,76,Yes,9,1,65.0
8,42,No,8,8,39.0
3,75,No,5,6,55.0
3,94,Yes,6,2,76.1
2,44,No,8,8,30.9
5,85,No,6,3,67.7
3,54,Yes,6,6,36.9
3,91,Yes,8,2,77.2
6,88,Yes,6,4,80.0
8,45,No,5,3,37.6
2,98,Yes,8,5,83.4
4,49,No,9,8,38.1
7,93,No,8,4,87.3
1,71,Yes,5,0,48.0
1,62,Yes,5,4,38.5
7,87,No,5,4,78.1
7,56,Yes,9,8,53.9
1,85,Yes,9,7,68.1
1,59,No,6,4,31.0
4,83,Yes,6,4,66.1
5,80,Yes,7,1,70.4
5,54,Yes,6,8,40.3
4,83,No,5,3,67.1
8,85,Yes,7,6,82.2
7,97,Yes,5,9,91.6
9,61,No,4,5,55.2
7,89,No,9,4,86.8
1,91,No,8,4,70.2
7,45,No,4,6,36.4
1,43,Yes,9,1,18.8
7,97,No,9,8,89.6
8,62,No,5,1,53.6
9,83,Yes,6,8,81.2
3,84,No,8,3,64.7
4,58,No,6,9,38.4
4,93,Yes,6,9,78.3
9,84,No,8,5,81.3
7,70,No,8,0,62.9
3,83,Yes,4,4,66.5
5,91,Yes,5,5,76.3
7,42,Yes,6,8,37.8
8,67,Yes,5,8,60.5
1,42,Yes,5,8,19.5
2,53,Yes,7,2,26.6
7,57,Yes,4,3,46.7
2,66,Yes,6,7,47.5
7,90,Yes,9,7,84.3
9,99,Yes,8,1,100.0
2,49,Yes,8,7,29.9
7,88,Yes,5,6,76.1
4,54,No,4,8,37.8
2,58,Yes,4,4,36.1
7,48,Yes,6,1,38.5
5,43,Yes,6,4,34.2
1,54,Yes,5,1,28.0
5,90,Yes,5,4,75.0
3,87,No,5,8,70.1
7,47,No,7,6,39.1
6,88,No,4,6,74.1
8,92,No,5,0,82.5
5,40,Yes,4,8,25.4
2,46,No,9,5,26.1
9,92,No,8,6,92.2
8,70,Yes,8,1,66.7
6,57,No,4,0,40.8
7,51,No,9,3,45.4
9,87,Yes,8,8,86.7
7,69,Yes,8,8,64.8
3,72,No,8,2,53.4
6,98,Yes,6,0,84.9
7,86,No,9,1,81.5
2,46,Yes,6,8,22.7
3,67,No,4,8,50.6
4,88,No,4,0,67.1
6,42,No,7,8,32.6
1,82,Yes,6,0,58.6
9,45,Yes,4,9,39.0
5,70,No,6,3,56.4
7,77,Yes,7,4,70.2
9,54,Yes,4,7,56.7
9,46,No,4,4,37.0
1,82,Yes,4,4,60.7
1,69,Yes,4,3,41.4
3,66,No,5,8,44.9
6,56,No,9,7,51.2
2,94,Yes,9,8,78.2
1,57,Yes,6,6,34.8
1,61,Yes,6,6,40.7
5,95,No,6,4,86.2
4,92,Yes,7,9,75.6
1,65,Yes,5,0,41.7
4,90,Yes,6,5,75.9
3,66,Yes,6,9,43.6
2,79,Yes,4,5,56.5
9,63,Yes,4,9,57.0
1,91,No,4,3,65.1
7,47,No,6,1,38.7
4,60,No,4,0,37.2
5,68,Yes,6,2,54.8
5,82,Yes,7,8,70.5
1,60,No,7,0,37.6
6,42,No,8,4,32.4
9,70,No,5,9,67.0
2,94,No,4,5,72.5
7,66,No,9,8,63.8
6,85,Yes,4,0,70.4
5,66,Yes,5,4,51.9
4,48,Yes,5,0,29.3
4,96,Yes,8,1,82.3
6,72,Yes,5,1,60.2
4,72,No,6,4,58.6
5,65,No,4,9,48.6
6,67,Yes,5,3,56.2
5,83,No,6,5,70.5
7,82,Yes,5,4,70.2
9,70,Yes,9,1,71.7
7,92,No,6,8,88.3
7,40,Yes,7,9,27.7
4,59,Yes,6,7,43.3
1,51,Yes,8,8,29.6
8,56,No,6,5,49.3
4,54,No,5,4,35.7
1,73,Yes,7,4,48.4
5,89,Yes,7,1,78.7
8,55,No,6,3,45.7
4,43,No,5,1,22.5
8,47,No,7,1,39.2
8,73,No,9,7,70.0
3,85,Yes,6,3,70.5
9,64,Yes,6,3,62.4
3,54,Yes,6,6,39.3
1,67,No,7,3,43.6
2,48,No,4,8,20.5
6,41,Yes,5,8,27.2
2,56,No,8,2,31.0
6,97,Yes,8,5,92.1
1,49,No,5,6,23.9
1,48,Yes,4,2,20.1
5,70,Yes,5,3,56.8
9,41,Yes,6,0,38.6
8,63,Yes,9,8,62.2
3,58,No,5,6,37.8
3,56,Yes,5,9,32.4
1,82,Yes,9,6,59.8
3,88,Yes,7,8,75.4
1,49,Yes,8,5,26.7
8,89,No,8,7,83.7
1,94,Yes,6,4,71.6
5,67,Yes,9,7,54.6
9,77,No,6,9,76.7
7,87,Yes,7,0,80.5
4,67,Yes,6,2,53.8
9,98,Yes,9,3,97.1
9,89,Yes,9,8,91.5
2,91,No,4,7,66.3
6,89,No,7,7,78.7
4,40,No,9,1,21.7
8,99,No,9,6,98.5
7,42,No,7,2,33.8
7,54,No,5,5,41.6
9,91,Yes,5,3,87.8
5,49,Yes,4,5,35.1
6,60,Yes,9,3,49.1
1,76,Yes,7,2,54.0
6,54,No,7,1,39.9
2,62,Yes,5,3,34.9
6,53,Yes,8,9,43.5
9,54,No,8,1,58.1
8,49,Yes,9,6,45.0
9,95,Yes,5,0,92.9
8,48,No,9,0,39.3
3,83,Yes,6,4,62.6
8,78,Yes,7,6,70.4
6,44,No,9,0,36.0
6,64,Yes,4,3,53.7
6,95,Yes,8,4,83.5
3,81,Yes,9,1,62.5
1,96,Yes,6,6,69.6
4,65,Yes,7,3,47.9
6,47,No,6,7,36.0
2,61,Yes,9,0,39.5
7,91,Yes,7,9,85.7
7,64,Yes,7,0,53.7
4,87,No,5,0,71.7
4,51,No,5,3,31.9
1,48,No,4,0,21.2
2,49,Yes,4,4,31.6
9,87,Yes,6,5,84.5
8,49,Yes,5,6,45.2
8,48,Yes,7,7,41.6
9,65,Yes,5,7,61.8
7,74,No,7,1,65.9
9,66,Yes,5,3,61.0
2,99,Yes,7,6,77.5
6,70,No,6,8,63.6
3,58,No,5,8,40.0
6,82,No,8,2,74.0
3,77,No,8,6,58.6
8,45,No,7,3,39.6
4,54,Yes,6,8,41.7
6,68,Yes,7,6,63.6
9,86,Yes,6,5,86.8
2,84,Yes,4,8,65.9
2,93,Yes,5,6,71.6
7,44,No,6,7,40.3
2,53,Yes,7,4,28.3
2,92,Yes,4,3,67.5
4,41,No,7,0,24.8
9,62,No,8,7,60.0
8,83,Yes,8,5,82.2
2,91,Yes,5,3,71.7
8,85,No,9,2,80.7
4,58,Yes,5,4,38.6
2,63,No,4,3,38.4
7,59,Yes,8,6,50.5
6,86,No,6,5,75.3
5,66,No,8,2,55.8
1,91,No,9,9,70.8
2,63,Yes,5,0,39.4
8,56,No,7,6,48.4
1,64,No,4,4,41.6
3,85,Yes,9,0,69.5
2,94,Yes,8,0,74.8
5,70,Yes,6,5,52.6
4,67,No,9,3,53.4
7,89,No,6,7,80.1
5,98,No,6,1,84.8
8,67,Yes,4,3,62.4
4,61,Yes,6,7,47.6
6,95,No,6,7,87.9
4,98,Yes,8,4,83.5
2,44,Yes,4,2,17.2
1,93,No,7,3,72.5
1,83,No,7,2,58.7
8,81,Yes,6,1,75.0
4,47,No,9,3,35.3
5,77,Yes,5,8,66.1
8,67,Yes,4,5,57.8
7,96,No,5,3,82.5
8,86,No,4,0,79.4
8,51,Yes,4,6,39.2
6,96,Yes,8,1,92.3
2,64,No,6,5,43.3
6,77,Yes,8,9,66.9
1,83,Yes,9,0,57.5
1,54,Yes,5,6,27.2
3,83,Yes,5,3,57.6
3,80,Yes,7,2,67.3
5,90,No,9,9,79.1
1,92,Yes,9,6,71.0
6,73,Yes,8,2,66.3
7,99,No,8,7,91.4
3,84,No,9,3,69.9
4,52,No,8,2,33.5
3,47,Yes,7,6,34.1
1,98,Yes,8,6,77.2
8,52,No,8,8,49.3
2,75,No,9,9,60.2
1,45,No,9,6,23.0
8,77,No,8,5,72.9
7,71,No,8,2,66.3
7,60,Yes,9,3,54.1
4,83,No,5,7,70.2
9,83,Yes,6,5,81.3
6,88,Yes,5,8,76.4
2,98,No,8,7,84.3
1,46,No,4,7,20.0
1,65,No,4,9,39.0
9,54,No,7,9,53.7
4,95,No,5,6,81.8
5,88,Yes,9,9,77.8
3,81,No,7,0,61.7
4,62,No,7,4,44.2
8,91,Yes,4,6,86.5
4,77,No,5,9,56.1
9,80,No,6,8,76.2
9,54,No,9,3,51.2
6,87,Yes,5,7,71.6
2,92,No,7,0,70.9
7,79,No,8,3,75.6
9,55,No,7,3,51.6
6,71,No,5,1,57.9
3,76,Yes,4,2,56.9
7,57,No,5,2,46.0
5,59,Yes,6,8,48.6
1,85,No,9,6,61.9
3,41,No,9,1,24.5
5,94,No,8,8,83.3
7,62,Yes,8,7,57.0
3,69,No,7,5,51.3
6,42,No,5,5,28.4
5,85,Yes,9,1,75.8
1,78,No,4,2,53.3
6,86,No,6,5,72.3
8,88,No,7,2,83.3
1,40,No,5,6,13.2
2,80,Yes,4,4,57.1
4,61,Yes,5,3,41.3
2,68,Yes,4,7,48.6
9,53,No,5,1,48.2
8,87,No,5,2,81.3
8,67,No,9,9,63.3
4,60,No,7,3,44.5
5,84,Yes,5,9,68.4
4,71,No,5,5,49.9
9,45,Yes,7,4,43.9
2,93,No,7,4,71.5
8,40,No,8,6,33.3
2,60,Yes,8,7,39.5
1,96,No,9,5,75.6
3,43,Yes,7,2,21.6
9,42,Yes,6,3,39.4
3,88,No,9,0,72.4
9,69,Yes,4,4,64.1
7,70,Yes,7,9,61.3
1,73,No,8,7,48.8
5,58,Yes,5,2,43.0
9,59,Yes,7,9,59.7
3,62,No,7,3,45.4
9,93,Yes,8,3,92.7
5,98,No,8,5,88.5
9,79,Yes,6,8,79.8
6,64,No,9,9,56.2
9,54,No,8,2,46.0
7,77,No,8,3,71.7
7,62,No,8,5,60.4
8,91,No,9,5,95.8
7,41,Yes,5,6,33.2
9,96,No,7,0,93.9
9,96,No,7,8,94.0
6,54,Yes,8,1,46.6
7,91,No,9,3,85.3
2,83,Yes,6,2,58.6
9,74,Yes,8,2,69.4
1,49,No,9,4,28.0
1,53,Yes,9,6,33.3
3,66,Yes,6,6,46.2
6,93,Yes,9,6,87.5
5,53,No,7,2,41.1
2,74,Yes,6,8,52.0
9,72,No,6,5,70.3
4,91,No,4,9,75.3
4,40,Yes,6,7,28.7
5,73,No,6,0,57.6
8,58,Yes,5,3,54.1
4,63,Yes,7,6,49.8
5,81,No,8,8,72.0
4,43,No,4,2,24.0
6,75,No,6,5,63.6
3,52,Yes,5,7,33.1
8,97,Yes,5,2,95.0
6,71,Yes,9,5,65.8
5,48,No,8,8,31.1
2,78,Yes,8,8,64.2
7,55,Yes,7,5,51.5
2,89,Yes,9,4,70.2
1,42,Yes,6,0,19.6
7,91,No,5,2,82.0
5,59,Yes,4,2,42.7
1,49,No,7,3,25.3
4,95,Yes,6,4,77.6
4,97,Yes,9,7,81.5
7,97,Yes,8,8,95.6
9,61,No,9,6,64.4
2,87,No,6,9,63.9
1,42,No,9,5,22.0
2,50,Yes,8,2,31.8
7,64,Yes,6,8,55.1
6,81,No,4,9,71.6
4,87,Yes,7,0,68.4
1,47,Yes,9,8,26.8
1,48,No,8,2,22.8
5,54,Yes,4,8,38.1
1,71,Yes,5,9,50.4
7,92,Yes,4,0,80.7
1,42,No,4,7,18.3
1,43,Yes,4,5,17.0
2,69,No,8,8,50.0
3,52,Yes,5,3,33.5
1,83,No,7,4,62.7
9,60,No,4,5,54.5
8,80,No,8,8,78.4
5,96,No,8,5,81.3
2,85,Yes,7,8,67.4
5,58,No,6,1,43.0
6,78,Yes,5,3,67.9
1,87,Yes,5,2,59.3
4,61,No,9,3,43.7
9,59,Yes,4,0,53.8
2,76,Yes,6,1,56.9
5,70,Yes,5,3,53.8
1,49,Yes,9,9,28.1
4,57,No,4,3,36.7
4,82,Yes,6,4,67.3
6,78,Yes,8,8,69.9
9,85,Yes,4,0,80.8
3,59,Yes,6,7,40.2
9,57,Yes,7,2,54.1
6,50,No,5,8,34.6
7,61,Yes,4,7,54.7
2,98,No,9,7,81.0
6,83,Yes,8,8,76.6
6,57,No,9,3,52.2
2,97,Yes,4,4,76.6
2,73,Yes,5,6,53.0
2,62,No,5,1,38.6
1,40,No,6,6,15.7
5,94,No,9,2,86.6
8,49,Yes,9,5,49.4
2,92,No,8,5,74.4
5,40,No,6,5,29.7
8,77,No,8,9,75.3
5,78,Yes,4,1,59.3
2,88,Yes,4,8,67.4
3,48,Yes,9,7,35.7
6,70,No,6,6,60.6
5,46,Yes,7,8,37.0
4,56,Yes,5,3,35.8
4,74,Yes,6,1,58.3
5,87,Yes,6,3,70.9
2,76,No,4,9,53.9
9,91,Yes,5,2,87.4
2,57,No,6,1,34.8
2,72,No,4,1,50.7
9,43,No,4,7,43.8
3,62,No,9,4,47.2
7,50,No,9,5,44.9
4,91,No,6,7,76.5
6,48,Yes,6,6,34.7
4,69,No,4,6,52.4
7,47,Yes,9,6,35.1
1,79,No,6,6,55.0
3,44,Yes,5,7,26.4
3,51,No,4,0,30.9
1,40,Yes,4,2,14.4
6,54,Yes,6,0,45.9
9,64,No,6,7,57.3
8,57,No,6,1,50.6
7,77,No,5,6,66.6
8,81,No,4,5,76.8
6,85,Yes,7,0,75.3
9,92,Yes,5,5,89.3
3,65,No,5,8,41.5
9,79,No,9,2,80.6
4,98,Yes,4,6,83.3
7,42,No,7,3,40.3
9,93,Yes,4,0,87.5
2,61,No,5,6,37.0
2,65,No,6,0,42.2
9,58,Yes,4,3,53.0
3,83,Yes,4,8,63.5
9,83,No,6,4,85.2
5,86,Yes,7,6,75.6
6,99,No,7,6,86.6
2,78,Yes,4,2,54.5
8,98,No,6,7,95.3
9,75,No,9,0,75.9
2,60,No,4,3,35.6
6,80,Yes,6,9,70.1
6,93,Yes,5,3,79.2
8,87,Yes,9,1,85.1
5,65,Yes,6,5,52.1
9,52,No,4,0,48.8
1,75,Yes,8,2,56.5
9,63,Yes,7,8,62.0
7,80,Yes,4,9,75.6
4,65,No,6,5,49.3
3,60,Yes,9,1,40.8
6,57,Yes,9,8,47.7
1,54,No,6,1,30.9
3,54,No,7,6,33.8
2,45,No,4,0,18.5
9,82,No,9,4,82.0
3,70,No,9,6,52.0
2,67,No,8,2,47.4
4,47,No,5,3,30.4
2,68,Yes,8,4,48.0
1,60,No,5,2,37.6
6,56,No,9,5,45.9
8,95,No,5,2,90.7
2,96,No,4,7,74.9
9,88,No,9,6,84.3
3,63,Yes,9,0,48.0
8,97,Yes,5,1,91.2
8,99,Yes,6,3,95.3
3,89,Yes,5,4,70.6
3,75,Yes,5,9,58.4
6,70,Yes,7,3,55.1
1,86,Yes,7,3,61.0
4,73,No,4,8,53.8
1,41,No,4,3,13.2
3,81,No,6,3,62.5
9,42,No,7,3,40.3
5,69,No,8,1,61.6
5,47,No,4,7,30.7
4,91,Yes,4,3,70.8
3,46,No,7,4,30.0
5,51,No,7,7,40.2
4,97,No,6,3,74.9
8,58,Yes,7,4,58.5
4,65,Yes,5,4,46.0
8,67,Yes,9,5,62.6
6,54,No,8,6,46.9
5,53,No,9,2,44.2
4,87,No,5,9,67.8
4,98,Yes,5,2,80.1
4,53,Yes,9,8,40.8
9,42,No,5,0,37.1
4,89,Yes,4,9,73.1
9,68,No,9,7,69.9
6,99,Yes,5,9,95.2
7,93,Yes,4,2,84.8
3,45,Yes,7,4,28.2
8,88,No,8,2,86.4
3,62,Yes,8,9,47.4
1,67,No,5,0,41.6
5,53,No,8,9,39.5
2,53,No,4,4,29.3
6,59,Yes,7,7,47.1
9,52,Yes,5,4,45.9
1,66,Yes,6,3,36.4
4,99,No,9,8,87.8
1,74,Yes,8,0,51.3
1,84,Yes,8,4,66.8
8,95,No,5,0,90.6
2,41,No,9,5,20.7
1,80,No,9,9,59.8
8,84,Yes,8,8,84.8
4,79,Yes,8,1,62.0
3,87,No,6,3,66.8
4,63,Yes,9,7,52.0
5,68,No,4,2,52.3
1,42,Yes,5,6,16.3
1,84,No,5,6,62.7
3,43,Yes,6,1,23.5
6,89,No,6,9,80.8
1,41,No,4,3,15.9
2,59,No,7,0,36.8
7,93,Yes,5,7,83.6
1,92,Yes,9,9,74.1
7,54,Yes,8,9,48.0
4,88,No,4,8,69.9
6,71,No,5,0,60.5
8,81,No,9,6,73.5
9,40,No,4,0,34.9
6,77,No,7,0,66.7
9,74,No,9,8,73.9
4,90,No,5,9,73.5
6,46,No,8,9,33.7
8,84,No,9,5,81.0
9,52,Yes,5,0,48.0
3,88,No,4,6,69.5
2,40,Yes,7,2,16.6
6,53,No,9,9,50.0
4,68,Yes,4,3,52.8
1,97,No,4,3,65.6
8,42,Yes,6,7,38.2
9,85,No,4,0,79.3
9,63,No,9,7,64.5
2,40,No,7,8,18.7
9,87,Yes,8,6,84.4
7,49,No,6,0,41.7
5,52,Yes,4,6,35.7
7,75,Yes,9,5,64.7
9,48,Yes,5,4,46.9
8,53,Yes,6,4,46.7
6,75,Yes,7,0,64.3
4,49,No,5,5,30.1
1,79,Yes,7,3,56.4
6,62,Yes,5,0,45.9
3,74,Yes,8,7,55.7
6,94,Yes,7,7,89.0
6,46,No,5,3,36.5
4,81,No,7,6,64.4
2,74,No,6,2,53.4
9,41,Yes,7,7,32.7
2,54,Yes,9,6,35.1
3,48,Yes,7,4,25.5
1,86,No,5,4,59.2
7,56,Yes,7,8,46.5
1,78,No,8,5,56.6
9,91,Yes,4,5,89.6
1,57,Yes,6,1,36.9
5,54,No,9,4,42.6
7,57,Yes,5,3,49.6
3,63,No,7,9,47.7
9,62,Yes,7,2,64.7
8,51,No,7,8,41.2
3,62,Yes,6,6,47.2
5,60,Yes,9,3,47.3
7,65,Yes,4,8,51.8
4,47,Yes,8,8,33.5
5,69,Yes,9,6,61.1
3,73,No,8,4,48.5
9,41,No,9,8,40.6
9,44,Yes,5,6,42.1
7,70,No,4,8,62.5
2,72,No,4,2,48.8
7,93,No,6,8,84.8
7,43,No,9,0,33.2
5,45,Yes,7,4,32.8
9,62,No,4,1,58.5
3,84,No,9,0,68.5
4,58,Yes,7,2,47.9
1,82,Yes,6,6,57.9
6,84,Yes,9,2,77.0
4,47,Yes,9,9,30.6
1,78,Yes,5,9,54.2
2,52,Yes,9,8,31.7
3,40,Yes,5,2,16.5
9,45,Yes,7,5,44.6
8,46,No,7,1,41.7
7,87,Yes,4,7,78.3
4,66,No,6,9,48.4
1,54,Yes,5,4,28.3
8,91,Yes,4,1,88.8
4,73,No,8,6,58.4
3,97,Yes,4,2,78.0
9,96,Yes,7,4,97.4
4,62,No,8,8,46.5
4,87,No,4,0,63.0
9,88,No,9,1,90.3
2,63,No,6,4,40.6
5,54,No,5,3,34.2
4,74,No,9,0,62.2
9,43,Yes,8,6,42.1
5,83,Yes,6,8,67.2
9,76,Yes,4,0,72.8
9,56,Yes,9,7,56.1
2,70,Yes,7,8,54.1
9,77,No,7,1,73.1
3,49,No,6,0,28.5
4,93,Yes,7,5,78.9
1,89,No,5,6,68.9
1,66,Yes,6,1,39.5
1,81,No,6,4,57.7
9,45,Yes,7,4,44.6
8,95,Yes,6,6,91.5
5,45,Yes,4,0,28.7
5,91,No,8,9,83.1
9,54,No,9,7,51.6
3,43,Yes,8,4,24.3
3,96,No,9,2,83.5
7,87,Yes,7,8,80.6
9,93,Yes,5,2,88.1
6,95,No,5,6,81.4
2,79,Yes,7,9,58.4
1,46,Yes,7,6,20.9
2,90,Yes,6,9,70.1
1,97,No,5,7,74.0
9,88,Yes,8,9,90.2
8,92,Yes,7,7,86.1
7,84,Yes,8,3,79.5
3,86,Yes,9,0,68.3
8,65,No,8,3,63.0
2,97,Yes,5,5,77.2
2,70,Yes,9,9,48.0
3,41,No,8,5,21.1
7,67,No,6,5,57.9
1,81,No,6,6,58.3
8,52,No,5,0,46.4
7,57,No,6,9,51.1
4,69,No,7,0,52.7
5,94,Yes,9,6,80.2
1,50,Yes,5,3,24.7
4,52,No,9,5,35.7
1,90,Yes,8,5,67.4
1,63,No,7,8,40.3
1,96,Yes,5,1,70.1
7,68,No,8,3,62.8
7,95,No,8,3,89.6
4,93,Yes,8,6,79.8
2,44,No,8,0,26.0
3,74,Yes,8,4,57.0
8,58,No,5,3,52.5
8,94,No,6,1,91.7
6,52,Yes,8,4,44.0
9,44,No,7,8,41.5
9,83,Yes,5,7,81.8
4,53,Yes,4,8,36.5
1,77,Yes,6,6,55.3
1,61,Yes,7,9,36.4
5,48,Yes,8,6,34.0
2,88,No,5,1,66.8
6,79,No,5,2,67.3
7,65,Yes,8,9,58.2
1,84,No,7,7,60.2
6,44,Yes,5,1,28.6
8,68,No,9,6,67.1
5,93,Yes,6,5,82.6
7,61,No,7,9,57.5
6,88,Yes,8,3,79.4
4,42,No,7,3,23.9
7,67,Yes,9,2,53.6
9,77,Yes,7,5,79.4
7,53,No,4,2,40.1
5,86,Yes,8,8,72.3
7,53,Yes,6,3,46.2
3,82,No,8,3,67.6
2,50,No,4,1,28.9
5,48,Yes,8,1,35.7
4,77,Yes,8,6,65.9
5,86,Yes,6,4,71.6
8,83,Yes,4,2,79.1
4,45,No,8,5,33.3
9,40,Yes,9,5,39.3
7,64,Yes,8,0,55.4
7,55,No,5,2,42.0
8,91,No,8,4,91.5
6,54,Yes,6,6,45.1
8,73,No,5,3,68.6
3,56,No,9,7,37.7
1,42,No,9,2,14.0
6,42,Yes,9,5,33.7
1,76,Yes,4,5,48.4
9,56,Yes,9,8,56.8
2,94,No,7,3,72.7
2,88,Yes,6,6,66.7
7,91,Yes,4,9,81.7
2,77,Yes,5,0,54.2
8,40,No,7,0,42.5
6,46,Yes,4,1,31.5
7,65,Yes,6,3,56.2
7,86,Yes,5,5,77.9
6,78,Yes,6,3,70.4
9,58,No,6,5,55.0
9,91,Yes,5,1,89.0
7,93,Yes,9,8,89.0
9,69,No,8,2,66.3
3,82,No,6,6,67.5
3,94,No,9,0,71.7
1,53,No,5,7,29.3
5,52,No,6,3,37.2
4,59,Yes,8,4,46.2
2,65,No,5,6,38.8
9,66,No,4,2,57.4
3,64,No,4,8,45.3
8,48,Yes,9,8,42.1
6,80,Yes,4,7,66.9
5,87,Yes,7,0,72.8
1,51,No,6,1,22.5
4,49,Yes,6,1,30.4
3,45,No,5,2,26.5
1,89,No,7,1,63.0
5,73,Yes,6,0,57.8
6,98,Yes,5,4,87.0
2,91,Yes,8,5,69.3
3,80,No,6,6,63.2
6,58,Yes,9,9,51.5
4,45,Yes,6,6,28.3
9,41,Yes,8,1,37.2
5,54,Yes,8,6,46.4
4,56,Yes,6,1,36.9
2,55,No,8,1,31.9
6,67,No,5,5,58.1
2,60,Yes,6,5,41.8
7,47,No,6,7,36.1
3,49,No,4,4,28.1
9,49,No,9,4,47.9
5,89,Yes,6,9,76.5
8,49,No,4,0,39.1
6,48,Yes,8,3,36.9
8,67,No,9,0,65.1
3,63,Yes,9,9,50.7
3,58,No,8,4,42.1
5,72,No,5,7,58.9
3,43,Yes,4,0,21.2
8,95,Yes,6,2,88.3
8,42,No,4,0,30.7
2,81,Yes,8,5,61.0
4,51,Yes,8,9,38.3
1,57,Yes,5,0,30.7
4,62,Yes,9,9,49.2
4,59,No,9,2,42.6
9,45,Yes,8,4,43.9
3,92,No,4,4,69.9
2,73,No,9,1,57.6
9,81,Yes,6,2,76.1
9,41,Yes,6,8,40.5
1,69,Yes,4,0,40.2
6,48,Yes,5,0,36.0
8,66,No,6,1,61.2
3,81,No,4,7,60.1
9,73,Yes,4,5,68.6
2,79,No,8,3,61.0
6,63,Yes,9,6,57.9
1,88,No,8,5,65.4
7,56,No,9,8,49.0
3,68,No,5,5,50.3
7,75,Yes,5,1,65.9
4,89,Yes,5,2,72.2
9,51,No,4,8,45.2
5,70,Yes,4,6,54.5
3,88,Yes,8,5,74.7
8,48,No,6,4,43.5
6,58,Yes,9,2,52.7
2,85,Yes,9,3,62.4
3,85,No,5,0,60.6
8,56,No,9,4,54.3
7,41,No,7,6,30.9
6,79,No,5,1,65.9
1,44,Yes,9,7,20.4
9,98,Yes,8,9,94.1
3,78,No,9,5,62.9
5,93,No,4,9,80.3
7,87,Yes,8,2,79.9
7,55,Yes,8,1,50.3
3,56,Yes,8,7,39.6
4,93,No,7,3,80.3
7,66,No,7,6,59.4
8,46,No,9,6,45.4
2,91,No,5,9,71.7
9,47,Yes,9,8,48.5
7,47,No,9,9,42.9
8,62,No,9,7,59.6
6,71,Yes,4,7,58.7
6,82,No,8,6,74.5
9,86,Yes,6,9,86.1
4,57,No,5,4,33.0
5,77,Yes,5,8,62.8
9,93,Yes,8,6,91.5
1,51,Yes,5,2,22.1
4,54,No,8,5,38.0
7,67,No,5,2,61.7
9,94,No,9,5,92.2
6,77,No,4,7,65.8
8,89,No,5,8,87.2
9,95,No,5,1,91.8
4,70,Yes,6,5,55.4
1,91,No,4,2,64.6
8,48,No,9,6,41.5
2,47,Yes,4,3,28.2
1,85,Yes,4,4,61.4
7,58,No,5,9,50.9
9,90,Yes,7,5,84.5
9,47,No,5,7,46.1
3,73,Yes,8,1,56.3
6,96,No,6,3,82.1
7,43,Yes,4,3,33.1
9,70,Yes,8,5,70.4
2,77,No,9,3,59.9
8,42,No,8,4,39.7
7,74,Yes,7,4,67.4
4,58,Yes,4,7,42.8
2,82,Yes,5,3,62.3
8,68,Yes,4,5,64.7
5,49,No,6,6,33.9
6,51,Yes,4,7,40.8
7,85,Yes,8,8,80.5
1,69,No,8,9,45.2
8,69,No,5,7,63.1
4,99,No,5,3,80.2
9,57,No,5,3,51.5
1,63,No,9,9,41.2
2,71,No,6,4,47.2
6,48,Yes,9,2,40.0
1,86,Yes,9,1,65.6
4,63,Yes,9,1,45.8
8,65,No,4,8,57.0
5,42,No,7,7,29.6
9,62,Yes,4,5,57.1
6,50,Yes,5,8,37.9
1,49,No,6,4,24.5
6,89,No,9,9,78.9
6,75,Yes,4,0,63.4
6,99,Yes,8,7,91.2
8,52,Yes,9,2,52.3
6,68,Yes,4,8,59.4
5,77,Yes,8,0,62.6
2,98,No,4,2,75.7
4,92,Yes,4,0,75.4
5,52,Yes,9,0,41.0
4,96,No,4,5,83.4
2,65,Yes,5,3,45.6
7,59,No,8,9,51.2
2,44,No,6,3,21.2
1,59,Yes,7,4,33.7
5,53,Yes,9,2,43.4
1,84,No,8,1,65.2
1,53,No,5,9,26.3
1,47,No,8,7,23.9
6,87,Yes,6,6,73.7
9,52,Yes,9,9,55.8
1,63,Yes,8,3,39.0
5,54,Yes,5,1,35.0
9,90,Yes,9,8,93.1
9,40,No,5,7,36.4
1,61,Yes,9,3,40.0
8,73,Yes,7,4,67.2
1,89,No,6,9,67.4
8,90,Yes,7,5,88.9
1,79,Yes,4,3,54.0
5,42,Yes,5,1,28.1
8,94,No,7,4,91.9
6,65,No,5,0,50.3
9,53,Yes,9,6,51.9
1,97,Yes,5,8,72.2
9,80,Yes,4,2,71.4
1,47,No,5,5,20.1
3,88,No,9,8,76.9
1,94,Yes,9,3,71.1
3,94,Yes,7,5,76.3
2,95,Yes,6,2,75.1
2,55,Yes,8,8,39.3
9,81,No,7,6,77.4
8,60,No,4,6,55.0
1,49,Yes,8,3,26.6
4,96,No,5,5,73.1
1,64,No,7,7,41.9
1,95,Yes,8,5,72.3
4,77,Yes,7,5,63.2
2,61,Yes,5,3,40.1
3,88,Yes,9,7,77.1
9,87,No,7,9,82.9
2,86,Yes,4,7,64.6
4,93,Yes,8,8,80.8
1,85,Yes,8,5,63.8
2,43,Yes,8,1,23.7
5,43,No,7,3,29.9
1,69,Yes,5,3,43.1
7,41,Yes,7,7,36.2
4,68,No,7,4,54.7
6,82,Yes,9,3,73.7
8,75,Yes,8,7,70.3
6,60,Yes,5,2,46.2
2,99,No,6,1,74.0
1,60,Yes,5,3,35.3
8,87,Yes,7,0,85.4
8,60,Yes,4,0,49.1
9,43,No,5,4,38.4
6,40,Yes,8,0,31.7
1,65,Yes,4,3,35.4
9,95,Yes,6,7,96.3
3,90,No,6,7,74.1
6,41,No,4,1,30.2
9,48,Yes,6,2,47.4
3,94,Yes,4,2,76.2
5,96,No,7,0,84.3
5,84,Yes,4,2,72.9
7,57,No,7,7,51.4
4,87,No,8,5,75.2
4,87,No,8,4,73.1
7,96,Yes,6,9,92.1
9,81,No,9,8,79.1
4,80,No,9,6,67.2
4,50,Yes,4,5,35.9
6,64,Yes,7,4,49.5
6,65,Yes,8,4,53.0
7,97,No,8,9,96.1
1,75,No,8,8,54.2
3,81,Yes,6,9,62.4
9,74,No,8,5,74.5
6,77,Yes,9,3,72.4
6,42,Yes,5,3,29.0
5,98,Yes,6,3,85.5
3,80,Yes,4,5,58.6
5,74,Yes,5,0,58.4
1,89,No,6,8,64.1
3,79,No,6,1,58.8
4,61,Yes,7,1,45.9
5,47,No,5,4,30.4
9,54,No,5,3,55.7
4,84,Yes,9,2,69.5
3,46,No,5,4,21.4
1,58,No,8,6,36.4
6,79,Yes,9,9,76.7
7,81,No,8,1,74.9
8,56,No,9,5,50.8
1,40,No,4,3,15.5
4,84,No,9,1,69.4
5,68,No,4,0,58.2
2,97,Yes,9,7,73.6
1,52,Yes,4,4,24.5
8,95,Yes,8,9,91.7
6,87,Yes,9,1,76.2
5,68,Yes,7,7,53.9
9,80,No,9,2,80.8
2,81,No,4,6,58.2
8,45,Yes,6,1,41.0
9,44,Yes,8,6,37.3
1,73,Yes,7,3,51.0
7,50,No,6,9,41.0
8,48,No,6,0,41.1
3,77,No,8,4,61.6
4,79,No,9,3,68.0
3,80,No,5,7,61.9
7,48,No,7,0,40.7
9,47,Yes,9,1,47.3
3,83,No,8,4,69.5
6,97,Yes,5,9,87.6
8,79,Yes,8,9,76.7
6,42,No,8,1,32.5
2,52,No,6,0,27.8
7,58,No,9,5,51.0
2,73,No,8,9,52.5
2,71,No,9,3,49.4
2,88,No,5,4,66.2
1,55,No,6,2,29.4
1,75,No,5,9,50.5
7,57,Yes,5,5,48.0
5,53,Yes,6,3,36.9
3,69,No,9,5,54.7
1,41,Yes,5,4,18.6
6,52,No,4,1,36.5
1,66,Yes,9,3,44.2
9,98,Yes,8,1,96.8
2,92,No,6,4,69.9
1,91,No,6,2,67.3
7,56,No,9,5,50.2
6,70,Yes,4,4,58.3
6,54,Yes,4,1,39.3
5,96,No,4,9,82.5
4,59,Yes,4,7,38.9
4,44,No,7,5,28.2
3,46,Yes,6,8,27.1
8,57,No,5,2,51.7
7,95,Yes,6,3,93.1
9,50,No,6,7,44.6
1,71,No,6,6,42.2
7,89,No,4,7,80.6
4,66,Yes,4,8,49.6
7,65,No,7,7,60.1
1,76,Yes,9,7,54.4
5,84,No,6,5,73.1
3,67,No,8,1,49.0
5,89,No,9,6,77.0
4,41,Yes,7,3,27.1
2,59,Yes,4,2,38.1
4,43,Yes,6,3,25.4
3,52,No,4,3,31.4
1,63,Yes,9,2,42.8
8,87,No,5,8,80.5
5,77,No,4,2,62.2
4,97,No,4,1,81.4
5,79,No,7,0,64.1
4,87,No,5,0,69.0
3,84,Yes,9,4,71.0
5,94,Yes,8,4,85.0
4,68,No,8,8,53.6
1,97,No,8,3,70.9
3,75,Yes,6,4,58.1
8,41,No,8,5,39.7
7,80,No,6,9,70.9
2,57,No,9,6,35.2
1,88,No,9,8,68.5
3,47,Yes,4,5,26.6
5,97,No,8,0,86.6
1,54,Yes,7,7,31.4
3,80,Yes,9,1,63.5
3,56,Yes,5,8,35.6
5,62,Yes,5,6,51.2
3,41,No,9,6,25.0
9,45,No,4,9,43.0
1,68,No,5,9,44.6
4,66,Yes,5,4,51.3
4,76,Yes,4,7,63.5
1,88,Yes,4,9,59.0
2,73,No,4,0,50.8
1,57,No,7,2,37.1
6,81,No,4,8,67.2
3,49,Yes,4,0,26.1
7,77,Yes,4,7,70.2
5,98,No,9,5,93.4
9,83,Yes,8,9,86.6
7,56,Yes,9,4,47.2
4,98,No,8,5,84.5
5,52,Yes,7,4,37.8
5,91,Yes,7,8,78.1
5,99,No,5,1,86.6
9,87,Yes,9,9,85.4
3,81,Yes,8,5,63.4
6,66,Yes,7,3,56.4
8,92,Yes,7,2,88.1
9,41,No,9,4,37.9
7,73,No,5,1,62.9
3,70,Yes,4,2,50.3
1,62,No,6,6,37.9
4,46,No,5,0,28.1
6,77,No,6,1,63.1
3,72,Yes,5,2,53.1
1,51,Yes,5,9,28.6
6,84,No,4,6,73.2
1,51,No,7,3,23.8
9,58,No,8,7,60.4
1,48,No,5,7,19.5
6,49,Yes,4,0,38.1
1,56,No,6,4,32.3
7,89,Yes,9,0,82.3
3,79,Yes,9,6,68.6
6,78,Yes,7,3,69.7
7,80,Yes,9,7,78.6
1,49,Yes,5,7,22.9
1,51,Yes,6,8,27.3
5,54,Yes,5,5,38.7
6,70,No,9,6,64.3
9,54,Yes,8,6,54.3
1,67,No,9,4,41.6
4,43,No,8,6,25.9
8,75,No,9,8,76.1
9,94,No,7,3,92.3
3,40,No,6,1,15.0
2,97,Yes,8,7,75.9
4,83,Yes,4,6,64.6
2,96,No,7,5,79.9
1,73,No,5,6,41.5
3,86,No,9,2,70.5
7,56,Yes,6,5,49.0
1,78,No,6,9,49.8
2,77,Yes,9,6,58.8
1,83,Yes,4,6,57.5
8,90,No,8,4,85.7
5,72,Yes,9,2,61.8
8,99,Yes,6,1,92.4
3,60,Yes,4,6,38.0
7,65,No,4,3,53.9
8,85,No,5,1,82.8
6,75,No,4,7,65.1
7,44,No,7,1,41.7
2,72,No,6,5,49.9
8,40,No,7,3,33.0
5,92,No,4,8,78.4
7,45,No,4,4,32.9
1,76,Yes,7,3,54.5
5,41,No,5,7,25.7
1,96,Yes,4,2,70.3
8,92,Yes,7,8,90.4
4,98,No,7,7,81.2
4,98,Yes,6,7,81.4
2,44,Yes,5,9,22.6
5,65,No,8,4,53.9
1,80,Yes,7,0,62.2
9,90,No,6,9,91.2
5,92,Yes,8,8,82.0
6,86,Yes,6,1,79.5
2,52,No,6,0,28.3
1,51,Yes,9,5,30.8
4,44,Yes,5,0,19.2
7,41,No,4,9,31.2
6,98,No,5,9,89.4
1,43,Yes,8,9,15.9
1,98,Yes,9,6,78.6
8,66,No,5,6,60.8
4,89,Yes,4,0,73.3
5,92,No,5,9,77.8
7,49,No,5,4,38.1
8,52,No,5,2,46.5
7,83,Yes,7,1,76.2
2,41,Yes,7,4,19.7
4,65,Yes,5,4,46.9
1,54,No,4,1,25.0
9,85,Yes,4,5,82.1
3,96,No,4,6,73.9
3,49,Yes,4,0,32.2
9,61,No,9,2,60.4
3,79,No,9,3,63.3
8,64,Yes,6,1,61.5
2,54,No,5,9,28.2
3,52,Yes,5,4,33.9
2,47,Yes,6,3,32.4
1,60,Yes,4,1,33.1
2,60,Yes,8,0,37.8
8,61,Yes,8,7,56.8
9,85,No,6,1,82.6
2,72,Yes,8,3,54.2
7,84,No,7,9,77.1
5,66,Yes,5,4,52.8
3,79,No,8,1,61.7
9,89,No,9,9,93.8
6,61,Yes,9,8,54.3
1,69,No,7,1,43.7
5,48,Yes,5,5,31.4
7,84,Yes,7,6,75.8
4,74,Yes,5,5,54.9
8,57,No,5,3,53.3
5,81,No,8,0,71.8
9,44,No,9,1,43.6
9,66,No,6,9,64.4
9,96,Yes,8,9,100.0
1,45,Yes,4,5,18.7
2,71,No,7,7,49.3
3,47,No,4,2,26.8
4,95,Yes,5,6,80.9
9,78,No,8,8,82.2
6,60,Yes,4,3,50.3
1,57,No,4,6,28.8
9,53,No,9,6,50.1
6,54,No,4,9,42.4
4,81,Yes,9,8,69.3
4,65,Yes,9,2,49.9
3,92,No,5,0,71.3
7,83,No,9,7,77.2
3,71,No,5,3,49.2
2,78,No,9,1,59.0
8,67,No,9,4,62.1
4,99,No,5,3,84.8
8,78,No,4,0,69.4
1,82,No,7,6,57.4
5,71,Yes,8,3,58.5
9,52,Yes,8,7,50.2
1,54,Yes,5,8,28.0
4,57,Yes,4,7,37.2
6,78,No,7,0,65.5
8,45,Yes,6,7,40.1
3,94,Yes,5,4,74.8
5,50,No,6,0,33.2
7,71,Yes,8,8,69.7
1,79,Yes,8,8,58.3
7,59,Yes,7,6,52.8
8,72,Yes,7,6,67.7
8,79,Yes,6,0,70.6
9,47,No,8,8,47.3
6,90,No,7,0,78.3
6,74,No,7,6,66.2
2,44,Yes,8,8,27.7
3,74,Yes,8,8,57.5
4,86,Yes,4,4,69.3
4,53,No,9,5,36.5
8,60,Yes,7,1,57.0
1,86,Yes,6,1,65.1
4,63,Yes,5,9,47.2
4,56,Yes,5,8,41.8
1,57,No,8,0,31.9
3,73,No,9,9,58.0
5,51,Yes,6,4,37.8
6,55,No,4,6,39.7
9,43,No,7,9,41.7
9,64,No,4,5,60.9
9,73,Yes,6,5,67.6
1,67,No,4,5,43.0
9,85,No,8,7,84.7
8,50,Yes,5,6,47.8
2,52,No,8,4,30.9
1,70,No,7,9,45.4
1,99,No,8,1,77.5
6,64,Yes,6,9,55.5
9,78,Yes,6,5,75.2
7,49,No,7,9,46.3
5,63,Yes,7,4,52.1
2,40,Yes,5,3,15.7
1,92,Yes,4,9,67.0
2,64,No,5,4,43.5
1,67,No,8,8,43.6
3,75,Yes,4,1,54.7
6,57,No,7,5,49.6
8,45,Yes,6,8,43.4
3,41,Yes,8,9,25.3
9,42,No,5,4,40.1
5,85,Yes,9,5,74.5
7,47,Yes,9,9,42.1
8,70,Yes,7,3,64.3
3,87,Yes,4,4,65.8
2,58,No,9,7,39.1
2,89,Yes,4,0,69.8
5,45,No,6,0,33.4
1,53,Yes,7,9,33.1
2,42,No,7,3,16.1
9,87,Yes,8,9,90.2
7,40,Yes,8,2,37.7
6,83,No,4,4,72.5
9,69,No,9,9,65.2
7,85,Yes,9,7,78.7
5,58,Yes,5,0,38.4
9,93,Yes,4,4,91.6
6,58,Yes,9,4,51.9
6,48,Yes,8,1,39.1
4,46,No,8,4,29.9
1,85,No,8,7,62.9
5,76,Yes,4,9,62.6
9,89,No,7,6,90.8
8,80,No,5,1,73.8
8,92,Yes,5,5,87.9
5,46,No,8,9,33.6
9,48,Yes,6,0,42.0
3,43,No,4,9,25.4
3,64,No,9,9,49.3
1,88,No,9,2,67.7
9,51,No,7,5,49.0
6,45,No,8,8,38.3
2,57,Yes,6,0,31.3
8,79,No,8,5,78.3
9,60,Yes,6,1,56.6
9,54,No,5,8,48.4
2,42,No,6,1,20.0
2,41,No,5,2,17.7
7,95,Yes,5,1,85.4
4,94,No,4,3,80.5
1,80,No,6,3,55.7
8,79,Yes,7,9,76.6
2,98,Yes,7,0,76.4
3,43,Yes,6,7,27.0
5,71,No,4,4,53.9
3,41,No,7,7,19.4
7,85,No,8,5,78.5
7,68,No,7,1,58.5
2,41,Yes,4,6,14.1
7,73,Yes,5,9,63.7
6,66,No,5,8,53.9
9,99,Yes,5,6,97.4
9,93,Yes,4,4,87.7
2,78,Yes,5,3,54.2
7,83,No,5,7,74.2
5,77,Yes,4,5,60.9
6,57,No,8,4,43.3
1,75,No,7,6,47.8
7,58,No,4,2,47.8
6,66,Yes,4,8,57.3
4,84,Yes,6,3,67.0
1,59,Yes,5,3,36.8
9,60,Yes,9,7,61.8
4,62,No,8,5,47.2
2,69,No,9,0,46.0
8,64,No,6,1,57.0
2,70,Yes,8,8,53.1
5,66,Yes,5,5,49.3
6,73,Yes,9,6,67.0
8,47,No,5,8,40.6
1,58,No,5,2,34.5
1,80,Yes,7,4,55.1
4,65,No,8,4,52.1
5,67,No,8,9,55.9
9,43,Yes,6,6,43.3
7,70,Yes,4,1,54.7
7,55,No,5,3,46.0
8,90,Yes,5,3,81.5
5,49,No,9,7,35.7
5,77,Yes,6,9,63.0
1,87,No,8,2,61.0
9,49,Yes,7,1,46.0
6,84,Yes,8,8,76.7
9,48,Yes,7,3,43.9
3,78,No,7,8,59.0
5,75,No,8,5,63.1
2,90,Yes,9,0,74.5
5,97,No,5,2,81.5
8,75,No,7,6,69.6
2,58,Yes,9,8,38.2
8,99,Yes,6,7,92.3
4,58,Yes,6,4,41.1
1,51,No,7,7,30.3
5,52,Yes,5,1,35.7
1,64,No,7,2,38.2
7,75,No,6,7,67.8
8,64,No,6,8,61.0
3,67,Yes,8,9,49.6
3,81,Yes,5,7,64.1
7,92,No,8,3,85.8
4,78,No,9,5,69.6
3,69,Yes,9,4,52.8
8,44,Yes,9,3,43.6
3,56,Yes,4,8,41.2
7,57,Yes,9,9,51.1
2,82,Yes,7,2,62.1
1,86,Yes,8,0,64.5
6,60,Yes,9,6,49.4
8,61,Yes,5,9,55.9
1,78,Yes,9,7,55.4
9,89,No,7,2,87.9
3,97,Yes,7,2,79.7
3,96,Yes,7,5,78.6
4,45,No,7,1,27.5
1,89,Yes,7,5,66.7
9,55,Yes,5,4,50.3
3,41,No,4,6,20.1
4,90,Yes,6,8,73.9
1,40,No,4,8,10.3
4,96,No,6,0,79.2
1,69,Yes,8,6,51.1
5,97,No,7,2,82.7
5,82,No,8,3,67.4
7,91,No,8,1,84.9
8,76,No,6,0,68.8
4,87,Yes,5,9,77.4
7,62,No,7,2,52.9
4,40,No,9,9,24.8
3,58,Yes,8,8,41.1
6,85,No,4,0,65.4
4,42,Yes,7,2,24.5
3,41,No,5,4,17.5
9,95,Yes,7,2,93.9
5,76,No,9,3,64.6
7,56,Yes,9,3,49.9
6,67,No,8,0,56.4
5,57,Yes,4,5,41.8
7,72,Yes,8,6,68.6
6,54,Yes,5,6,44.7
2,61,Yes,6,5,43.0
3,80,Yes,9,6,66.4
2,66,No,4,2,42.2
3,94,No,9,4,79.5
1,76,Yes,5,6,52.2
8,71,Yes,5,9,61.4
6,99,No,9,4,93.5
2,84,No,8,9,61.1
8,58,Yes,9,1,50.6
6,67,No,8,5,57.2
7,67,Yes,9,6,62.6
1,95,Yes,8,1,70.8
7,49,Yes,6,9,41.9
3,59,No,7,7,43.2
8,64,Yes,7,4,57.1
6,60,No,8,7,53.4
4,53,No,8,2,34.5
8,61,No,6,1,52.9
9,92,No,7,6,89.0
2,65,Yes,6,4,44.2
6,83,Yes,5,4,73.7
5,50,No,9,7,35.0
5,94,Yes,7,8,79.4
3,46,No,8,7,29.0
8,56,Yes,4,9,46.7
8,57,Yes,5,1,52.3
5,46,Yes,9,9,31.5
8,95,Yes,4,6,90.9
8,59,Yes,6,4,55.8
3,77,Yes,9,6,61.0
2,50,No,6,2,27.0
9,83,Yes,6,3,84.1
2,97,Yes,8,6,80.6
9,55,Yes,6,1,52.7
4,90,No,4,1,71.4
2,94,Yes,5,0,65.0
1,66,Yes,8,0,42.6
4,90,Yes,5,0,71.6
9,50,No,6,5,48.3
9,55,Yes,7,4,51.8
4,62,No,9,9,53.9
9,99,No,8,7,94.8
6,98,Yes,6,4,89.4
1,51,Yes,8,0,26.1
6,98,No,7,7,92.2
9,79,No,4,5,72.0
2,42,Yes,4,7,18.0
6,41,Yes,9,1,35.2
2,99,No,4,9,74.7
4,77,No,7,7,59.9
8,87,No,5,5,80.2
7,91,No,7,0,80.4
9,63,Yes,7,0,61.3
7,68,No,6,9,61.9
1,86,Yes,4,4,58.4
2,85,No,8,6,64.1
6,73,No,9,3,63.6
7,59,Yes,5,9,56.0
3,57,Yes,8,4,41.8
9,53,Yes,6,9,48.7
7,57,Yes,6,2,49.2
6,41,No,5,1,25.1
6,40,Yes,8,1,29.5
1,59,Yes,5,4,36.6
5,73,Yes,5,3,58.9
3,80,No,4,1,60.6
7,80,No,8,4,75.9
3,87,Yes,4,9,67.7
5,50,No,4,8,37.1
7,66,No,9,7,59.8
3,62,Yes,4,8,44.9
2,77,No,7,8,52.6
6,83,Yes,6,7,73.7
8,42,Yes,6,8,38.2
4,51,Yes,7,3,38.8
9,69,No,5,7,66.8
8,70,Yes,8,1,64.1
7,62,No,8,8,54.3
7,40,No,8,8,33.7
3,80,No,4,2,59.0
6,59,No,8,5,50.0
5,93,Yes,8,6,83.4
1,45,Yes,8,2,19.8
3,50,No,6,4,28.7
1,74,Yes,7,0,53.0
4,43,No,9,2,27.2
3,68,No,5,7,48.3
4,98,Yes,7,2,83.2
9,49,No,8,7,46.9
3,90,Yes,5,8,71.8
6,68,No,5,5,56.8
6,77,No,7,6,71.6
7,40,No,7,5,32.7
9,79,No,7,7,77.8
7,47,Yes,9,6,42.5
1,96,No,7,9,73.7
8,77,No,9,0,74.4
5,56,Yes,4,2,43.7
9,58,No,6,2,57.2
5,72,No,9,2,61.3
5,54,No,6,3,42.6
2,84,No,8,0,66.6
3,70,No,4,1,50.3
9,60,No,5,4,58.0
7,42,Yes,7,5,36.3
1,41,No,8,8,21.1
3,74,Yes,5,1,57.0
2,80,No,6,8,58.0
1,98,Yes,5,6,75.7
9,55,Yes,7,8,50.7
8,95,Yes,7,3,91.3
5,84,Yes,9,6,74.9
2,90,No,9,0,70.6
1,98,No,6,7,77.6
7,89,No,7,6,86.9
2,60,Yes,4,6,36.4
1,51,Yes,8,1,25.6
2,67,Yes,6,9,49.8
7,51,Yes,6,8,45.0
7,72,Yes,5,7,61.0
6,59,Yes,6,0,52.0
5,79,Yes,8,0,65.6
3,88,No,4,4,66.2
3,60,Yes,5,1,40.9
9,99,No,8,0,99.3
4,91,No,9,9,81.7
9,93,Yes,6,7,92.8
4,78,Yes,7,3,61.3
2,80,Yes,9,1,66.2
4,88,Yes,7,4,78.3
6,98,No,8,5,93.1
6,81,Yes,4,7,71.9
5,75,No,7,6,62.2
1,61,Yes,8,6,40.2
3,65,No,5,0,44.0
5,46,No,6,2,32.2
6,46,No,4,2,37.8
1,47,No,4,6,23.0
9,65,No,5,1,63.2
3,63,Yes,4,9,41.3
3,63,Yes,8,6,46.3
2,79,Yes,4,8,56.5
8,87,No,4,0,76.5
3,51,Yes,4,1,30.8
6,86,No,8,5,74.0
2,47,No,9,1,26.4
7,93,Yes,6,1,84.9
4,48,No,7,4,28.0
9,42,Yes,9,6,42.5
9,93,No,4,3,92.0
7,60,Yes,5,5,50.9
8,70,No,5,2,65.5
3,87,Yes,8,3,68.1
5,86,Yes,6,3,74.0
2,63,No,4,3,37.3
7,43,No,8,0,34.4
8,59,No,7,3,60.8
9,55,Yes,6,3,55.8
7,49,Yes,6,5,41.5
8,82,No,8,8,81.0
9,65,Yes,9,9,69.9
6,68,Yes,5,5,58.0
2,44,No,9,5,20.0
2,50,Yes,6,6,29.0
4,68,Yes,5,6,52.4
9,84,Yes,6,0,86.0
7,54,No,6,7,43.3
2,45,Yes,6,0,20.9
8,87,No,7,8,81.7
7,54,Yes,5,3,49.0
9,82,Yes,7,8,82.3
8,59,Yes,5,7,58.9
3,73,Yes,7,8,53.0
1,99,Yes,7,5,74.9
2,99,No,7,8,81.0
2,41,Yes,8,3,18.5
4,83,Yes,7,2,62.6
6,55,Yes,9,2,48.9
4,58,Yes,9,7,43.4
9,73,No,6,1,69.2
4,88,Yes,4,5,73.9
6,53,Yes,7,8,42.6
6,63,Yes,4,8,52.3
1,67,Yes,4,7,38.2
8,87,No,6,7,82.5
3,71,No,4,0,49.2
6,76,Yes,4,6,63.1
3,49,Yes,9,0,32.5
2,88,Yes,4,8,67.9
5,84,Yes,5,2,71.6
1,87,Yes,7,0,63.5
9,48,No,7,7,48.3
7,63,No,4,6,55.0
3,75,Yes,6,1,56.5
4,95,Yes,5,6,76.5
6,68,Yes,6,4,55.7
3,99,No,6,6,80.1
7,68,Yes,4,9,58.4
6,97,Yes,8,6,87.5
9,87,No,4,1,81.7
5,62,No,9,1,46.3
4,66,Yes,8,6,48.4
3,70,Yes,5,2,50.6
1,82,Yes,8,3,65.9
3,46,Yes,4,6,24.4
3,88,No,4,1,72.1
7,93,No,6,1,81.1
7,84,Yes,4,8,79.1
1,43,No,9,0,18.9
3,53,Yes,4,2,30.3
8,81,No,7,9,80.9
9,81,Yes,7,3,79.0
7,49,Yes,6,4,37.9
7,98,No,8,2,87.8
8,83,No,8,8,78.4
6,73,No,7,4,64.9
3,65,No,9,6,49.2
1,62,No,5,6,38.2
7,48,Yes,9,8,41.9
1,76,Yes,7,1,52.3
1,47,No,9,2,24.7
9,92,Yes,5,3,86.5
7,53,Yes,8,7,51.7
4,46,Yes,7,0,32.6
6,46,Yes,4,8,33.3
1,48,No,5,4,16.1
7,42,Yes,5,3,29.1
6,53,Yes,5,7,40.1
4,56,Yes,8,8,39.2
7,89,Yes,9,2,86.6
3,83,No,6,3,69.1
1,61,Yes,4,0,30.9
4,85,Yes,7,2,68.3
3,65,Yes,9,9,44.4
1,97,No,5,4,73.5
2,67,No,8,7,49.3
5,84,Yes,5,0,68.1
8,53,Yes,9,0,47.8
1,48,No,7,2,22.0
4,90,Yes,4,8,71.9
4,65,No,5,8,47.6
5,41,Yes,8,0,27.1
7,50,Yes,8,3,44.8
8,56,No,6,7,48.6
6,73,Yes,8,1,62.0
1,58,Yes,6,3,29.7
7,78,Yes,4,6,73.1
3,57,No,7,6,34.9
6,52,No,6,4,42.3
8,44,Yes,5,6,39.4
7,89,Yes,9,5,85.4
6,62,Yes,5,1,49.8
9,97,Yes,7,8,98.0
9,95,No,8,4,94.9
1,63,No,9,1,39.1
1,68,No,5,5,37.9
1,87,Yes,9,9,67.3
8,86,Yes,6,4,81.8
7,47,No,7,1,38.2
3,65,Yes,5,9,46.9
2,54,Yes,8,9,35.1
4,96,No,9,6,80.7
3,40,Yes,8,9,19.1
7,67,No,9,1,61.4
8,88,Yes,5,6,81.9
6,86,Yes,7,5,75.6
3,85,Yes,4,3,64.9
6,53,Yes,5,3,41.2
2,81,Yes,8,5,62.2
7,73,No,4,8,66.5
7,98,No,7,9,96.7
4,70,Yes,8,5,57.4
8,45,Yes,7,5,37.6
4,88,No,9,0,74.3
7,44,No,5,4,37.0
4,70,Yes,7,0,52.9
5,76,No,8,8,63.6
7,54,No,5,9,42.3
3,54,No,8,3,38.9
5,91,Yes,8,1,79.2
3,82,No,4,8,61.8
5,44,No,6,5,29.0
3,67,No,7,9,48.6
7,72,No,7,2,62.4
1,50,Yes,4,1,21.8
9,82,No,9,5,83.9
9,45,No,7,9,46.9
5,62,No,4,5,46.6
9,79,Yes,7,8,81.9
6,41,Yes,7,4,27.4
5,54,Yes,8,8,45.0
3,62,No,4,4,45.2
8,61,No,9,1,56.8
4,48,No,7,0,29.7
3,86,Yes,9,8,73.3
6,79,No,6,9,71.0
8,69,No,4,6,59.8
9,55,Yes,4,2,51.8
6,98,No,4,5,87.9
5,85,No,8,9,68.4
2,86,Yes,4,3,62.1
2,91,Yes,8,8,73.2
9,69,Yes,6,1,67.0
2,84,Yes,5,3,60.4
2,48,Yes,8,0,30.7
3,40,No,7,6,25.6
3,98,Yes,4,3,82.3
4,77,No,5,4,59.6
7,47,No,8,0,42.0
9,98,Yes,9,1,100.0
2,98,Yes,9,3,82.2
4,91,No,7,1,78.8
9,57,No,5,0,51.7
2,66,No,6,9,44.4
1,57,Yes,8,0,29.8
8,71,No,9,5,70.3
9,97,Yes,9,1,99.6
7,88,No,8,2,81.2
8,71,No,9,4,72.4
4,92,No,6,2,79.4
4,87,Yes,9,5,75.3
2,84,Yes,8,6,68.1
8,93,No,4,9,88.3
2,75,No,9,5,56.0
9,75,No,8,1,70.7
4,60,Yes,4,8,40.2
1,85,Yes,9,1,60.6
4,71,Yes,9,5,56.0
3,70,Yes,8,8,50.3
6,76,Yes,7,8,66.2
7,55,No,7,1,45.7
8,85,No,5,8,78.1
2,85,No,7,7,66.0
6,53,Yes,6,6,39.6
6,96,No,5,7,84.8
5,63,Yes,7,9,49.8
7,64,Yes,4,7,54.9
3,85,No,8,0,67.0
4,90,No,7,8,74.7
9,74,Yes,4,5,67.2
4,56,Yes,5,0,39.0
3,85,No,8,0,67.6
2,81,Yes,7,6,62.1
5,84,Yes,5,9,73.3
4,93,Yes,7,1,77.9
8,43,No,5,5,37.6
7,50,Yes,7,4,45.2
6,86,Yes,4,4,72.4
2,54,Yes,6,9,30.3
3,69,Yes,4,5,48.9
9,63,Yes,8,7,66.7
9,41,Yes,7,4,43.0
5,82,Yes,6,7,73.2
3,73,No,6,4,54.9
2,62,No,8,9,43.8
8,70,No,8,5,61.0
6,76,Yes,6,7,66.0
7,52,No,8,1,44.4
1,72,No,8,6,51.5
1,46,Yes,7,2,17.7
2,71,No,4,8,47.4
3,46,Yes,9,9,31.6
1,81,Yes,5,6,60.5
5,77,Yes,6,2,64.0
3,91,No,5,7,75.9
1,83,Yes,6,9,57.6
8,52,No,6,1,44.6
6,63,Yes,4,9,50.0
9,67,Yes,6,7,65.2
3,71,No,6,6,56.0
9,82,Yes,4,4,78.4
9,57,No,8,3,54.0
1,73,Yes,9,9,57.7
3,87,Yes,5,9,71.2
6,73,Yes,6,0,60.4
8,90,Yes,4,3,88.8
4,77,Yes,6,5,59.5
5,40,Yes,4,5,24.1
9,82,Yes,5,1,79.8
6,89,Yes,7,8,78.9
7,81,No,8,0,73.6
7,70,No,7,3,63.5
4,89,No,4,3,71.9
4,99,Yes,6,1,84.8
4,40,No,8,7,25.2
5,90,No,5,1,77.4
5,55,Yes,9,1,42.3
8,97,No,8,1,92.4
9,78,Yes,6,0,72.2
2,54,No,7,4,35.6
7,72,No,4,3,65.7
1,62,No,7,1,39.4
1,92,No,8,0,69.1
4,80,No,9,0,63.9
7,73,Yes,6,1,64.4
2,56,No,4,0,29.1
2,64,Yes,6,8,43.0
1,95,No,6,1,71.7
2,81,Yes,9,2,58.9
7,45,No,8,8,38.9
9,70,No,7,4,68.3
6,44,No,6,7,30.5
2,79,No,6,6,57.3
9,79,No,6,5,74.6
7,69,Yes,4,1,58.3
1,44,No,6,3,16.8
9,51,No,6,8,51.2
2,46,Yes,8,6,24.0
4,84,No,6,2,71.5
9,52,No,9,5,53.8
4,88,No,9,7,76.4
3,43,No,6,7,21.1
1,89,No,9,7,66.7
7,81,Yes,8,7,75.9
6,42,No,4,9,25.3
4,51,Yes,9,5,35.0
6,40,No,9,9,31.6
6,66,No,7,2,55.9
4,82,Yes,8,8,69.2
6,89,No,9,2,77.9
8,52,No,4,3,38.6
3,56,Yes,7,9,36.7
4,47,No,6,0,32.6
1,71,No,8,1,44.9
4,59,Yes,9,5,44.3
9,90,Yes,6,0,91.9
8,56,No,8,8,53.5
4,73,No,7,7,57.0
7,74,No,9,1,64.8
3,74,Yes,4,1,56.0
9,77,Yes,8,7,77.4
4,81,No,4,7,62.7
2,63,No,6,0,39.0
5,93,No,6,4,79.3
2,57,Yes,7,1,38.8
6,89,Yes,7,0,75.2
1,85,Yes,5,2,57.8
6,87,No,5,2,72.8
4,78,No,7,9,62.8
3,72,No,9,8,52.9
2,88,Yes,6,9,66.9
7,62,No,4,0,49.3
9,64,Yes,7,1,61.2
3,76,No,9,8,59.8
6,66,Yes,4,4,49.4
9,40,No,5,8,34.8
2,60,No,4,5,41.4
7,98,Yes,7,9,90.0
5,88,No,6,9,77.0
5,49,Yes,7,2,30.2
7,70,No,8,7,62.1
9,83,No,9,8,87.4
4,64,No,9,1,49.6
9,59,Yes,9,8,61.9
9,96,No,8,3,98.1
4,41,Yes,8,7,23.6
3,94,No,6,4,74.1
2,87,No,9,5,73.3
9,54,Yes,7,3,54.3
2,67,No,8,4,52.8
6,52,No,7,0,39.5
5,89,Yes,5,2,77.3
5,99,Yes,9,3,88.6
4,91,No,8,0,75.5
6,93,Yes,8,2,83.2
5,53,Yes,6,3,40.7
4,89,No,7,8,73.2
9,41,Yes,6,2,41.4
6,73,Yes,6,2,62.9
3,74,No,7,3,58.5
6,76,Yes,5,8,66.3
1,64,Yes,7,8,41.2
5,87,No,5,0,71.0
6,93,No,6,7,82.7
8,54,Yes,5,9,48.2
9,51,No,9,0,49.2
3,48,Yes,5,1,28.2
2,97,Yes,5,9,76.4
4,70,Yes,8,4,54.1
8,53,Yes,8,5,52.3
8,68,No,6,1,69.2
3,92,No,7,9,72.6
4,87,Yes,5,4,67.6
3,82,No,9,2,65.0
2,77,Yes,8,6,56.9
4,81,Yes,7,0,66.9
6,99,No,9,4,89.0
5,47,No,5,2,33.6
3,87,Yes,7,1,66.7
2,42,No,9,2,21.6
9,41,Yes,4,9,35.6
1,55,No,9,3,34.2
9,58,No,9,1,57.9
1,69,Yes,5,1,44.6
7,80,No,7,2,68.2
6,55,No,5,1,41.5
7,70,Yes,5,5,62.4
3,93,Yes,4,1,74.7
3,97,Yes,9,0,80.9
1,67,Yes,7,7,44.2
4,43,Yes,6,9,25.6
2,49,Yes,8,3,27.2
8,90,No,5,1,82.1
3,84,Yes,5,3,70.6
7,57,Yes,5,1,49.5
7,86,Yes,5,4,77.2
9,71,No,8,6,70.8
6,69,Yes,6,5,61.5
1,75,Yes,4,1,45.7
8,48,No,6,3,42.8
1,75,No,8,7,53.6
3,68,Yes,7,6,53.9
5,55,No,4,6,40.9
8,67,No,4,3,62.0
9,60,Yes,7,0,56.4
7,86,Yes,9,6,84.8
9,95,Yes,5,5,88.2
3,41,No,8,7,21.1
5,99,Yes,7,4,90.9
8,98,No,6,7,92.7
1,85,Yes,6,9,63.8
8,74,No,9,7,71.5
7,93,Yes,7,8,88.9
1,67,No,8,0,45.8
6,94,Yes,9,2,91.5
1,75,Yes,9,5,54.3
2,70,Yes,9,3,48.8
5,72,No,4,7,59.9
2,62,No,4,9,41.3
1,99,Yes,5,0,72.1
6,80,No,8,4,75.6
8,56,Yes,6,3,47.7
8,85,No,6,0,80.0
8,88,Yes,5,9,85.5
6,40,No,6,5,30.4
3,81,No,9,9,65.9
1,62,No,5,2,36.0
2,87,No,5,4,70.3
5,66,No,7,5,52.6
5,64,Yes,4,3,51.6
1,71,No,8,9,48.2
1,58,No,8,9,32.9
9,63,No,4,5,61.7
2,96,No,9,6,76.2
7,42,Yes,8,1,28.7
4,99,No,6,6,82.9
7,51,No,6,6,42.7
8,74,Yes,8,1,70.1
5,54,Yes,7,2,39.7
1,56,No,8,2,34.1
4,89,Yes,5,0,69.3
3,71,No,9,0,55.7
5,46,No,5,9,37.2
6,58,Yes,4,5,48.5
2,46,No,9,8,26.6
7,44,Yes,9,8,43.6
3,97,Yes,6,0,77.8
1,79,No,9,6,56.7
3,60,No,7,5,41.1
9,87,Yes,8,3,85.4
6,87,No,5,2,69.9
6,90,Yes,6,8,85.0
4,96,Yes,6,9,81.2
8,86,Yes,7,4,86.1
5,46,Yes,7,7,34.4
7,76,No,7,3,63.9
9,62,No,7,3,59.4
5,50,No,5,5,36.2
5,49,No,7,5,40.4
4,96,No,6,2,81.3
6,60,No,6,1,47.9
2,94,Yes,9,8,71.3
3,98,No,8,1,83.0
1,80,Yes,6,8,56.0
2,72,Yes,6,7,53.9
2,59,Yes,5,9,40.6
8,72,No,9,6,71.5
8,79,Yes,6,4,71.2
2,74,No,4,2,47.2
6,73,Yes,6,1,64.6
5,75,No,8,7,60.7
3,66,No,8,1,48.6
5,58,No,9,7,48.5
5,82,No,9,4,74.4
5,44,No,7,8,31.5
3,68,Yes,5,3,50.1
3,95,No,8,7,79.5
4,49,No,4,6,31.2
7,95,Yes,4,7,87.9
2,98,No,7,4,70.6
4,94,No,5,1,78.2
4,79,No,5,6,62.8
1,52,No,9,2,29.6
8,68,No,6,9,64.9
1,44,Yes,4,9,18.5
8,97,No,4,9,90.8
7,97,Yes,4,9,91.5
9,98,No,4,1,91.0
8,51,Yes,8,2,44.1
5,98,Yes,5,3,85.5
8,52,Yes,6,9,47.5
3,61,No,8,6,50.0
7,79,No,5,9,72.7
4,54,Yes,7,0,39.3
5,52,No,4,5,32.0
9,40,No,6,5,38.5
7,93,Yes,5,7,85.6
4,77,No,7,1,60.0
6,82,Yes,4,1,68.5
7,84,No,7,0,73.8
9,92,Yes,7,2,90.9
4,91,No,8,6,81.6
3,40,No,7,7,23.2
8,50,Yes,8,6,45.5
1,97,Yes,9,8,78.8
9,82,No,8,7,80.0
1,79,Yes,7,7,53.6
2,61,Yes,5,1,38.8
8,74,Yes,7,0,71.3
9,99,Yes,7,5,99.8
7,90,Yes,5,6,85.9
3,83,No,4,5,64.1
7,45,Yes,6,6,40.5
6,67,Yes,9,7,57.5
2,70,Yes,4,1,40.6
3,94,Yes,7,0,76.9
5,47,No,4,9,28.3
4,44,Yes,6,7,28.9
2,81,No,4,7,57.7
4,93,No,6,7,78.4
8,87,Yes,4,9,84.4
5,83,Yes,8,6,75.4
5,56,No,7,1,43.6
3,77,No,6,3,58.0
8,48,No,9,8,46.3
6,49,Yes,7,7,39.1
2,59,No,8,3,42.8
2,53,Yes,4,7,30.0
9,53,No,7,9,55.5
7,65,No,4,5,53.9
9,68,Yes,4,8,67.5
6,88,Yes,7,0,78.7
5,66,No,6,5,53.6
1,64,Yes,6,3,39.9
6,55,Yes,7,2,47.6
6,75,No,6,4,67.1
3,73,Yes,5,9,54.3
3,55,Yes,4,7,35.6
3,72,No,7,9,57.9
3,42,No,9,5,25.9
7,62,Yes,8,0,52.9
2,50,Yes,7,5,30.9
2,87,Yes,7,6,65.3
3,97,No,4,5,77.9
7,57,No,8,2,47.3
3,86,Yes,4,8,67.9
7,80,Yes,9,9,76.0
9,83,Yes,6,9,87.3
4,68,No,7,3,52.0
7,98,No,4,4,89.7
9,89,Yes,9,4,91.5
8,44,Yes,9,2,40.3
8,63,Yes,5,1,57.9
9,68,Yes,7,7,64.7
5,68,No,9,6,59.1
5,99,Yes,6,4,88.0
3,65,Yes,4,0,39.2
5,79,No,4,9,64.7
8,42,Yes,5,0,33.4
5,41,Yes,6,7,28.2
4,64,Yes,9,3,50.6
8,58,Yes,5,3,50.8
7,79,Yes,9,8,73.2
6,41,Yes,9,1,32.9
5,58,No,7,4,44.6
5,40,Yes,8,5,29.3
2,66,No,9,5,48.6
4,93,No,4,9,74.4
8,84,No,9,2,82.9
8,94,No,5,9,88.6
1,91,Yes,9,5,71.6
2,88,Yes,4,9,63.3
5,74,Yes,4,9,61.7
9,80,Yes,5,4,73.7
7,44,No,4,7,30.3
5,77,No,6,3,63.5
1,43,No,6,9,19.2
6,56,Yes,8,9,47.6
8,92,No,6,2,90.2
7,60,Yes,5,5,51.5
2,92,No,9,9,73.4
5,87,Yes,6,8,77.2
4,70,No,8,7,57.6
9,87,No,7,9,90.8
1,61,Yes,7,7,40.2
6,50,No,5,2,35.7
3,73,No,8,0,56.0
9,88,Yes,6,2,85.2
5,54,No,8,2,43.1
6,89,No,4,5,74.6
9,49,No,8,2,49.1
9,77,No,6,1,69.1
8,71,Yes,5,8,65.7
9,92,Yes,4,5,93.2
4,87,No,8,4,72.3
6,70,Yes,7,2,61.2
5,76,No,6,6,63.7
5,83,Yes,5,6,72.2
4,67,No,9,3,54.3
2,70,No,6,9,47.1
6,45,Yes,8,1,34.5
9,53,No,5,1,46.9
1,97,No,7,7,71.5
7,62,No,4,3,48.2
6,55,No,8,6,45.7
3,64,Yes,5,2,44.7
1,78,Yes,4,8,52.9
4,41,Yes,5,9,24.3
9,77,Yes,9,8,77.9
2,80,No,8,6,57.9
3,78,No,5,6,59.9
2,73,No,7,0,51.2
2,90,No,5,9,70.1
8,79,Yes,8,7,72.7
3,82,Yes,5,1,62.5
7,64,Yes,4,7,55.5
8,75,No,4,1,65.5
3,55,No,9,0,36.9
2,96,No,6,7,75.6
8,57,No,9,3,55.2
3,52,Yes,6,9,31.3
7,98,Yes,7,5,89.0
1,76,Yes,4,9,49.5
6,66,No,6,9,55.5
9,73,Yes,5,0,65.8
3,50,No,7,8,31.0
7,40,Yes,8,6,31.5
6,52,Yes,6,4,41.1
8,69,No,9,5,66.4
3,44,No,6,2,24.3
3,57,No,9,8,42.2
4,53,Yes,9,1,35.6
3,52,Yes,4,9,30.8
9,71,Yes,7,0,66.9
4,46,Yes,9,0,36.6
6,47,No,4,9,33.1
8,89,Yes,4,1,84.5
8,46,No,9,5,42.3
5,91,Yes,7,5,77.7
5,88,No,5,8,76.3
6,55,No,6,9,49.1
7,82,Yes,4,3,72.6
7,70,Yes,6,7,60.3
4,90,No,7,3,74.7
6,66,Yes,5,2,58.2
7,99,No,8,3,92.8
5,72,Yes,5,0,57.8
5,92,Yes,7,8,79.9
2,68,Yes,5,4,47.4
7,47,Yes,8,6,39.4
6,72,Yes,4,2,60.5
1,80,No,5,4,57.9
4,58,Yes,9,9,45.8
3,60,No,9,3,42.3
3,80,No,7,6,61.6
7,60,No,5,4,53.9
4,64,Yes,8,1,49.8
8,81,No,7,2,71.4
9,95,No,5,7,89.9
3,62,No,7,2,44.3
5,50,No,9,6,36.1
4,72,No,8,4,54.8
6,59,No,4,6,48.7
4,64,Yes,8,9,53.6
8,65,No,4,8,56.6
3,79,No,6,6,59.9
5,91,Yes,9,5,81.1
1,51,No,9,0,28.5
6,71,Yes,9,3,64.9
5,72,Yes,8,7,65.2
8,49,No,4,0,43.1
9,43,No,6,5,40.7
8,54,Yes,6,1,48.3
8,90,Yes,6,8,89.6
3,45,Yes,7,7,26.2
4,66,Yes,8,8,50.9
4,44,No,8,8,33.4
5,44,Yes,9,1,33.6
9,57,Yes,8,1,53.3
9,67,Yes,8,8,69.3
1,74,No,7,1,53.6
8,98,Yes,8,3,94.3
1,61,Yes,4,1,32.5
2,73,No,6,0,49.7
7,43,No,7,9,34.6
8,57,Yes,7,6,54.6
1,80,Yes,9,4,54.7
3,90,Yes,8,2,75.5
7,65,No,6,7,55.1
9,81,No,4,4,76.7
8,61,Yes,6,0,54.0
8,86,Yes,5,8,80.7
9,72,Yes,6,4,67.4
3,82,No,4,2,63.7
8,53,Yes,4,5,49.7
1,70,Yes,4,7,48.2
8,49,No,7,1,44.1
7,90,Yes,7,2,84.7
8,63,No,5,6,55.1
1,60,No,6,1,29.7
6,87,Yes,8,4,81.4
7,47,No,9,8,41.2
5,71,No,5,6,57.0
5,70,Yes,8,2,59.0
7,73,No,8,1,67.2
3,62,No,5,9,42.1
6,64,Yes,6,8,51.8
7,46,Yes,9,8,43.7
1,58,Yes,8,8,34.8
2,46,Yes,7,9,24.1
4,86,Yes,7,2,73.0
8,47,No,5,0,39.7
6,53,No,9,8,46.3
1,40,No,9,6,16.0
5,52,No,8,1,37.9
7,42,No,5,5,31.7
6,92,Yes,9,8,82.6
9,67,Yes,9,7,67.6
8,77,Yes,7,5,78.0
4,90,Yes,5,5,75.6
5,54,No,8,7,43.5
7,75,Yes,8,8,70.4
8,92,Yes,7,7,88.8
5,42,No,4,0,25.3
9,43,No,4,1,35.9
4,44,Yes,9,5,29.0
4,89,No,6,7,72.1
8,65,No,7,3,59.5
1,64,Yes,6,3,43.0
8,49,No,9,1,45.5
5,47,Yes,7,9,36.9
1,51,No,8,0,27.5
4,93,No,7,9,78.4
2,97,No,5,8,78.1
4,98,No,6,6,79.1
8,42,Yes,7,8,36.7
5,66,No,6,1,51.2
1,89,Yes,9,9,67.6
7,62,Yes,7,4,58.7
1,79,No,4,1,52.4
9,97,No,6,9,96.8
3,72,Yes,8,6,55.2
3,53,No,8,8,35.7
6,93,No,7,2,84.0
6,62,Yes,8,0,54.8
6,70,No,8,3,66.8
1,52,Yes,6,3,28.6
5,96,No,7,5,87.2
6,51,No,6,4,41.8
8,74,No,7,4,69.3
1,57,No,8,8,35.9
5,60,No,7,0,46.3
3,84,No,9,7,70.3
2,86,Yes,7,7,68.3
8,81,Yes,5,7,77.5
7,40,No,7,2,29.8
7,77,No,5,9,70.7
5,80,Yes,6,7,64.5
9,81,Yes,5,1,74.7
5,86,Yes,6,7,71.3
2,48,No,7,7,23.7
3,62,No,6,2,42.3
4,53,No,8,3,35.6
5,50,Yes,9,8,43.1
3,46,Yes,7,8,28.5
7,70,No,5,9,61.2
5,63,Yes,9,8,52.7
5,65,No,4,9,50.9
6,69,No,9,5,55.7
7,73,Yes,7,0,69.7
8,85,No,9,7,80.4
9,77,Yes,9,8,78.7
4,44,Yes,8,7,27.9
5,44,No,6,0,27.4
5,58,No,9,5,46.3
8,90,Yes,5,8,80.2
9,77,No,5,8,73.9
7,67,Yes,8,6,63.2
5,65,No,9,6,54.2
3,81,Yes,9,3,62.3
1,62,Yes,8,6,43.7
9,85,No,7,9,89.9
5,88,No,4,4,77.7
9,69,Yes,4,9,65.2
4,42,Yes,6,4,22.9
5,67,Yes,5,0,49.8
4,72,Yes,7,1,61.0
2,81,No,5,8,59.5
1,42,No,7,1,19.5
8,44,No,8,9,43.5
4,96,Yes,6,1,80.9
5,58,No,8,8,47.7
6,81,Yes,5,2,70.8
8,97,Yes,6,1,92.8
8,96,No,9,6,97.2
7,87,No,7,8,79.2
4,40,Yes,7,5,27.4
6,77,Yes,6,6,68.7
4,48,No,8,2,30.9
7,99,Yes,6,2,90.9
1,44,No,8,7,23.5
5,98,No,6,6,88.4
4,85,Yes,8,4,72.3
7,81,Yes,4,5,73.0
9,73,Yes,6,8,70.4
5,76,Yes,8,2,67.2
4,72,Yes,9,2,57.3
9,64,No,5,5,59.6
5,81,No,5,7,67.7
9,68,No,6,4,65.7
8,97,No,6,0,87.1
4,64,Yes,7,2,50.4
7,93,No,8,7,88.4
5,98,Yes,6,3,84.3
4,48,Yes,5,8,32.2
5,42,Yes,5,5,27.8
5,54,Yes,5,9,37.8
9,43,Yes,8,3,44.7
9,84,No,4,3,78.4
6,77,Yes,6,9,67.8
4,59,Yes,4,4,43.7
2,88,No,8,6,65.1
3,62,No,9,6,45.1
2,76,No,6,9,57.1
5,86,Yes,7,6,76.9
6,47,Yes,6,4,35.6
5,96,Yes,6,8,87.1
2,76,Yes,6,1,56.7
5,95,No,6,7,82.7
9,84,No,9,9,81.6
4,72,No,6,7,57.1
2,72,No,8,2,55.1
3,46,No,6,4,25.1
3,61,No,9,7,43.9
9,44,Yes,8,9,45.1
4,85,Yes,6,8,73.9
1,54,No,6,6,31.6
1,60,No,8,3,36.7
7,64,No,6,3,56.5
7,56,No,9,2,53.1
2,95,Yes,5,7,79.1
9,89,Yes,6,5,89.3
9,46,Yes,7,9,45.9
5,93,No,8,5,78.7
3,97,No,9,9,79.0
3,89,No,6,9,69.0
3,99,Yes,6,8,79.6
6,58,Yes,8,2,47.3
4,91,Yes,4,3,73.8
8,46,No,9,2,44.2
5,79,Yes,9,2,66.5
1,84,Yes,5,0,55.6
9,98,No,5,9,94.7
1,89,Yes,6,5,63.1
6,63,No,8,8,54.6
1,50,No,7,4,26.3
3,80,No,6,9,63.1
5,94,Yes,5,1,79.1
7,40,Yes,6,9,29.3
8,93,No,8,3,87.8
9,71,Yes,9,5,70.1
6,79,No,9,6,72.0
9,92,Yes,9,6,90.0
8,83,No,9,3,80.9
9,41,No,7,9,43.7
4,54,Yes,4,9,37.3
9,60,No,7,4,58.3
7,63,No,6,3,53.9
5,89,No,5,9,77.2
5,56,No,8,5,41.7
1,86,No,6,6,64.8
2,91,Yes,4,1,66.7
3,91,Yes,8,9,73.4
8,48,No,8,2,42.3
6,74,Yes,8,7,60.1
5,59,No,6,6,41.0
1,58,No,4,0,32.9
9,57,No,6,3,52.7
3,59,No,8,4,39.0
3,69,No,8,2,52.6
2,79,Yes,5,3,55.0
4,40,Yes,7,9,26.1
2,63,Yes,6,9,40.5
9,63,Yes,4,9,63.6
7,86,Yes,8,6,81.2
8,58,Yes,6,7,53.0
3,69,No,7,8,48.9
6,65,Yes,6,1,56.9
6,81,No,7,3,69.6
1,83,No,6,0,60.9
6,99,Yes,5,2,89.7
3,77,Yes,6,7,59.0
3,68,No,9,6,54.9
3,52,No,5,7,33.1
8,43,No,7,5,33.8
5,84,No,8,4,71.3
4,56,No,8,9,42.4
9,72,Yes,6,8,73.7
9,44,Yes,4,4,37.9
1,67,No,6,8,41.7
2,63,No,5,3,35.3
8,56,No,5,4,51.2
5,89,No,7,0,78.2
7,78,No,6,5,68.0
1,87,No,7,2,60.4
5,79,No,4,9,67.6
3,83,No,8,1,67.6
2,85,Yes,8,5,64.7
2,90,No,6,0,67.9
9,50,No,7,8,49.0
4,51,Yes,7,4,33.7
4,52,No,4,6,33.7
7,47,No,7,9,39.4
2,40,No,9,8,18.8
3,48,No,9,8,36.2
3,67,Yes,5,6,52.4
6,41,No,9,3,30.1
3,53,No,9,3,34.2
5,52,No,5,6,34.9
4,87,Yes,9,7,75.4
3,41,No,9,6,24.8
8,43,No,5,9,34.5
3,51,Yes,6,3,33.7
6,87,Yes,5,3,74.4
7,49,Yes,5,7,43.9
7,42,Yes,9,8,39.9
2,43,No,8,6,23.4
3,45,Yes,9,2,30.1
4,62,Yes,6,9,44.0
7,44,Yes,5,0,30.5
2,89,No,4,4,66.1
3,42,Yes,5,5,21.4
7,49,No,6,8,41.9
7,82,No,7,4,72.2
3,58,Yes,9,0,38.1
1,53,No,8,3,28.3
3,60,Yes,8,1,39.0
5,99,Yes,9,3,90.7
7,82,No,9,6,80.7
4,67,No,6,8,46.5
1,60,No,5,2,37.2
6,75,No,4,2,62.6
2,63,Yes,5,3,37.8
3,93,No,5,6,74.9
4,77,No,4,5,54.6
6,56,No,8,4,49.1
6,61,No,5,3,48.3
7,58,Yes,7,7,54.1
5,84,Yes,7,3,67.7
7,93,No,6,2,84.2
2,49,No,6,6,27.1
1,50,Yes,4,1,24.9
8,77,Yes,4,3,69.9
1,41,Yes,6,7,17.9
2,72,Yes,9,3,50.9
6,82,No,5,9,73.4
1,70,No,9,6,47.9
3,87,Yes,8,1,71.8
7,74,Yes,7,4,69.3
8,76,No,4,3,68.4
4,86,No,6,8,69.8
3,86,Yes,7,6,68.5
1,75,No,9,8,52.6
9,62,Yes,4,9,55.1
6,75,No,4,6,63.7
6,79,No,5,1,71.7
9,78,Yes,4,1,75.1
1,65,No,8,1,41.9
6,64,Yes,4,4,53.1
5,56,No,8,0,43.4
6,54,Yes,9,6,49.8
8,76,Yes,5,1,71.5
5,84,Yes,8,3,76.2
2,43,No,9,8,25.5
2,61,Yes,7,7,39.3
5,56,Yes,4,9,39.5
3,61,No,6,1,41.4
3,56,No,6,3,36.0
8,53,Yes,8,3,49.7
7,53,Yes,5,1,46.3
1,56,No,8,1,29.8
5,47,No,9,4,38.4
9,73,No,9,3,76.2
4,65,Yes,8,7,50.1
1,84,No,8,3,60.2
8,69,Yes,7,7,63.5
5,61,Yes,9,4,52.3
2,55,Yes,7,0,30.9
1,69,No,8,8,45.8
3,55,No,5,7,39.7
9,77,No,4,0,70.8
1,93,Yes,9,2,67.2
4,63,Yes,6,2,44.1
8,75,No,7,4,69.4
8,74,No,9,6,71.2
8,45,Yes,4,0,36.2
8,43,Yes,7,0,38.3
4,57,Yes,9,9,42.4
8,45,Yes,7,5,40.7
9,65,No,7,4,62.1
7,76,Yes,8,2,71.0
2,66,Yes,8,2,44.9
9,80,No,7,3,82.9
8,50,No,7,9,43.1
5,77,No,6,1,63.8
3,55,No,4,8,37.3
7,58,Yes,4,3,47.0
2,82,Yes,5,9,61.1
3,92,Yes,5,2,69.6
9,54,Yes,5,9,48.8
4,65,Yes,8,6,49.4
4,95,No,8,8,80.1
3,80,No,6,1,63.8
5,95,Yes,8,5,84.5
3,70,No,5,4,51.7
9,58,Yes,9,0,58.9
3,96,Yes,7,6,78.1
2,90,Yes,5,0,69.4
5,63,Yes,6,9,49.8
6,97,Yes,7,8,89.8
1,48,No,8,3,27.4
6,62,No,7,7,47.3
3,43,Yes,9,0,29.5
4,49,Yes,6,4,28.2
6,48,No,8,2,36.5
8,58,Yes,4,3,52.6
9,54,Yes,5,3,48.4
6,90,Yes,9,7,87.0
7,73,No,9,9,66.9
5,81,Yes,5,9,67.9
9,58,Yes,6,2,54.0
4,88,No,6,0,71.4
6,91,Yes,9,4,88.1
5,95,Yes,5,1,80.3
1,60,No,7,5,39.0
5,73,No,4,3,57.8
5,90,Yes,4,8,79.8
9,56,No,6,6,52.3
1,57,Yes,6,1,30.4
5,56,Yes,7,6,46.0
7,41,No,6,9,30.6
6,90,Yes,4,7,76.6
6,40,No,5,2,28.1
7,82,No,9,2,71.3
6,96,No,4,1,84.2
5,49,Yes,7,0,33.7
5,76,No,5,2,64.1
9,87,Yes,5,9,77.2
8,95,No,9,6,93.3
4,44,No,4,8,26.5
4,95,Yes,5,8,79.0
5,94,Yes,5,5,85.2
3,51,No,6,5,29.3
8,75,Yes,5,4,73.3
7,70,Yes,7,1,61.2
5,94,No,5,6,82.7
3,77,No,6,0,56.1
5,90,Yes,8,5,78.3
3,48,No,8,3,26.2
5,83,No,7,2,72.2
1,65,No,9,0,40.5
6,54,Yes,9,5,44.1
4,55,Yes,7,6,38.7
4,52,Yes,5,0,35.3
8,64,No,5,0,57.9
2,69,Yes,8,6,52.1
4,92,No,8,5,79.2
2,95,No,4,6,70.3
1,46,No,8,7,23.8
3,96,No,8,7,78.4
8,94,Yes,7,8,90.3
6,91,No,4,8,76.9
7,43,No,9,6,42.9
2,82,Yes,4,8,57.2
6,79,No,5,5,67.3
8,77,Yes,5,8,69.7
8,96,Yes,4,1,87.5
4,69,Yes,4,1,53.3
6,49,No,5,5,37.5
5,69,Yes,7,2,61.5
9,78,No,7,1,71.5
8,46,Yes,7,7,44.0
2,75,Yes,7,6,59.5
7,74,Yes,5,7,67.2
7,63,Yes,6,5,56.8
1,78,No,8,8,55.4
1,75,No,8,8,58.0
4,84,Yes,8,1,70.2
5,59,Yes,8,9,49.3
4,88,Yes,5,4,68.9
7,71,No,6,8,62.6
3,98,Yes,5,2,79.7
7,78,Yes,6,4,71.7
8,88,No,5,7,82.2
6,65,Yes,4,1,57.1
6,65,Yes,6,5,51.2
8,75,Yes,8,3,72.6
8,82,Yes,6,5,76.0
7,74,No,9,2,66.8
6,82,No,7,5,70.2
6,74,No,6,6,60.5
6,51,Yes,9,9,43.8
8,72,Yes,7,2,69.6
1,75,No,9,4,55.5
5,53,Yes,7,7,41.5
3,72,Yes,4,1,50.0
8,85,No,6,6,77.6
6,84,No,9,0,77.6
2,84,Yes,4,6,64.5
7,63,No,8,0,55.6
7,54,Yes,6,3,39.4
5,70,No,5,3,58.0
8,56,No,5,4,50.7
5,51,Yes,5,1,38.2
1,61,Yes,9,5,38.0
9,62,No,9,5,58.5
4,65,Yes,7,7,52.4
2,53,Yes,5,9,25.4
4,51,Yes,8,0,30.8
9,89,No,9,3,90.0
2,43,Yes,6,1,20.0
4,98,Yes,9,7,82.7
2,85,No,6,3,64.7
5,90,No,9,7,74.4
3,52,No,7,1,31.1
2,96,No,7,3,75.0
9,94,Yes,7,8,90.0
5,57,Yes,8,4,45.5
5,82,No,9,5,69.9
1,67,No,6,9,47.4
6,77,Yes,9,8,69.4
7,80,Yes,4,8,69.2
1,83,No,7,6,61.8
9,58,Yes,5,1,57.9
8,85,Yes,4,6,77.4
8,86,No,4,8,80.1
7,82,No,7,1,74.8
5,77,No,5,6,66.5
3,85,No,7,6,68.5
9,42,Yes,7,2,39.2
7,58,No,5,5,47.5
8,59,Yes,4,7,56.9
6,64,Yes,4,9,48.1
5,50,Yes,9,7,42.3
8,95,No,5,2,89.8
3,56,Yes,4,5,37.1
7,99,No,8,1,92.3
2,98,No,7,1,80.5
3,88,No,8,7,73.6
2,94,Yes,8,9,77.0
5,74,No,9,4,60.1
7,53,No,9,4,46.3
1,98,Yes,9,3,77.6
9,78,No,8,9,76.9
1,96,Yes,6,3,69.3
1,58,Yes,6,7,35.8
8,42,No,8,2,38.8
6,73,No,7,2,58.9
6,97,No,8,7,93.9
9,88,No,8,2,84.5
4,80,Yes,9,1,63.1
8,61,No,9,4,57.4
4,77,No,9,2,66.7
2,95,Yes,6,5,77.4
8,66,No,8,6,60.5
7,60,No,7,2,52.4
4,80,No,7,8,66.8
9,70,No,9,9,68.0
9,66,No,9,0,67.7
8,76,Yes,8,6,72.9
1,41,No,7,3,14.7
7,93,Yes,8,6,88.1
5,86,Yes,6,8,76.0
7,48,Yes,8,8,42.0
9,58,Yes,9,0,58.2
2,81,No,4,9,62.2
4,75,No,6,3,61.1
4,49,Yes,7,6,33.1
2,98,No,7,9,77.7
3,79,No,9,5,66.4
8,93,Yes,9,8,92.1
9,84,No,6,6,81.5
6,78,Yes,9,2,75.0
2,46,Yes,4,6,21.0
2,43,No,6,9,22.5
7,54,No,9,4,48.6
8,51,No,5,1,43.3
8,87,Yes,4,9,79.4
6,45,Yes,6,2,35.0
8,99,No,5,5,91.6
1,48,Yes,8,5,25.7
9,74,No,4,6,68.2
1,47,No,8,5,24.9
3,46,No,5,8,27.2
9,43,No,7,4,42.5
5,97,Yes,7,4,84.2
9,52,No,9,7,52.9
9,58,Yes,7,7,57.2
6,46,Yes,8,0,41.7
1,49,Yes,4,2,24.1
7,64,Yes,8,5,61.4
6,83,Yes,8,5,76.4
9,97,Yes,7,0,98.6
7,74,No,8,1,63.7
